[2024-09-24 17:46:05] local.ERROR: View [welcome] not found. {"exception":"[object] (InvalidArgumentException(code: 0): View [welcome] not found. at /home/mediboyo/public_html/backend/mediboy/vendor/laravel/framework/src/Illuminate/View/FileViewFinder.php:137)
[stacktrace]
#0 /home/mediboyo/public_html/backend/mediboy/vendor/laravel/framework/src/Illuminate/View/FileViewFinder.php(79): Illuminate\\View\\FileViewFinder->findInPaths('welcome', Array)
#1 /home/mediboyo/public_html/backend/mediboy/vendor/laravel/framework/src/Illuminate/View/Factory.php(138): Illuminate\\View\\FileViewFinder->find('welcome')
#2 /home/mediboyo/public_html/backend/mediboy/vendor/laravel/framework/src/Illuminate/Foundation/helpers.php(1035): Illuminate\\View\\Factory->make('welcome', Array, Array)
#3 laravel-serializable-closure://function () {

    return \\view('welcome');

}(3): view('welcome')
#4 /home/mediboyo/public_html/backend/mediboy/vendor/laravel/framework/src/Illuminate/Routing/CallableDispatcher.php(40): Illuminate\\Routing\\RouteFileRegistrar::{closure}()
#5 /home/mediboyo/public_html/backend/mediboy/vendor/laravel/framework/src/Illuminate/Routing/Route.php(237): Illuminate\\Routing\\CallableDispatcher->dispatch(Object(Illuminate\\Routing\\Route), Object(Closure))
#6 /home/mediboyo/public_html/backend/mediboy/vendor/laravel/framework/src/Illuminate/Routing/Route.php(208): Illuminate\\Routing\\Route->runCallable()
#7 /home/mediboyo/public_html/backend/mediboy/vendor/laravel/framework/src/Illuminate/Routing/Router.php(798): Illuminate\\Routing\\Route->run()
#8 /home/mediboyo/public_html/backend/mediboy/vendor/laravel/framework/src/Illuminate/Pipeline/Pipeline.php(141): Illuminate\\Routing\\Router->Illuminate\\Routing\\{closure}(Object(Illuminate\\Http\\Request))
#9 /home/mediboyo/public_html/backend/mediboy/vendor/laravel/framework/src/Illuminate/Routing/Middleware/SubstituteBindings.php(50): Illuminate\\Pipeline\\Pipeline->Illuminate\\Pipeline\\{closure}(Object(Illuminate\\Http\\Request))
#10 /home/mediboyo/public_html/backend/mediboy/vendor/laravel/framework/src/Illuminate/Pipeline/Pipeline.php(180): Illuminate\\Routing\\Middleware\\SubstituteBindings->handle(Object(Illuminate\\Http\\Request), Object(Closure))
#11 /home/mediboyo/public_html/backend/mediboy/vendor/laravel/framework/src/Illuminate/Foundation/Http/Middleware/VerifyCsrfToken.php(78): Illuminate\\Pipeline\\Pipeline->Illuminate\\Pipeline\\{closure}(Object(Illuminate\\Http\\Request))
#12 /home/mediboyo/public_html/backend/mediboy/vendor/laravel/framework/src/Illuminate/Pipeline/Pipeline.php(180): Illuminate\\Foundation\\Http\\Middleware\\VerifyCsrfToken->handle(Object(Illuminate\\Http\\Request), Object(Closure))
#13 /home/mediboyo/public_html/backend/mediboy/vendor/laravel/framework/src/Illuminate/View/Middleware/ShareErrorsFromSession.php(49): Illuminate\\Pipeline\\Pipeline->Illuminate\\Pipeline\\{closure}(Object(Illuminate\\Http\\Request))
#14 /home/mediboyo/public_html/backend/mediboy/vendor/laravel/framework/src/Illuminate/Pipeline/Pipeline.php(180): Illuminate\\View\\Middleware\\ShareErrorsFromSession->handle(Object(Illuminate\\Http\\Request), Object(Closure))
#15 /home/mediboyo/public_html/backend/mediboy/vendor/laravel/framework/src/Illuminate/Session/Middleware/StartSession.php(121): Illuminate\\Pipeline\\Pipeline->Illuminate\\Pipeline\\{closure}(Object(Illuminate\\Http\\Request))
#16 /home/mediboyo/public_html/backend/mediboy/vendor/laravel/framework/src/Illuminate/Session/Middleware/StartSession.php(64): Illuminate\\Session\\Middleware\\StartSession->handleStatefulRequest(Object(Illuminate\\Http\\Request), Object(Illuminate\\Session\\Store), Object(Closure))
#17 /home/mediboyo/public_html/backend/mediboy/vendor/laravel/framework/src/Illuminate/Pipeline/Pipeline.php(180): Illuminate\\Session\\Middleware\\StartSession->handle(Object(Illuminate\\Http\\Request), Object(Closure))
#18 /home/mediboyo/public_html/backend/mediboy/vendor/laravel/framework/src/Illuminate/Cookie/Middleware/AddQueuedCookiesToResponse.php(37): Illuminate\\Pipeline\\Pipeline->Illuminate\\Pipeline\\{closure}(Object(Illuminate\\Http\\Request))
#19 /home/mediboyo/public_html/backend/mediboy/vendor/laravel/framework/src/Illuminate/Pipeline/Pipeline.php(180): Illuminate\\Cookie\\Middleware\\AddQueuedCookiesToResponse->handle(Object(Illuminate\\Http\\Request), Object(Closure))
#20 /home/mediboyo/public_html/backend/mediboy/vendor/laravel/framework/src/Illuminate/Cookie/Middleware/EncryptCookies.php(67): Illuminate\\Pipeline\\Pipeline->Illuminate\\Pipeline\\{closure}(Object(Illuminate\\Http\\Request))
#21 /home/mediboyo/public_html/backend/mediboy/vendor/laravel/framework/src/Illuminate/Pipeline/Pipeline.php(180): Illuminate\\Cookie\\Middleware\\EncryptCookies->handle(Object(Illuminate\\Http\\Request), Object(Closure))
#22 /home/mediboyo/public_html/backend/mediboy/vendor/laravel/framework/src/Illuminate/Pipeline/Pipeline.php(116): Illuminate\\Pipeline\\Pipeline->Illuminate\\Pipeline\\{closure}(Object(Illuminate\\Http\\Request))
#23 /home/mediboyo/public_html/backend/mediboy/vendor/laravel/framework/src/Illuminate/Routing/Router.php(799): Illuminate\\Pipeline\\Pipeline->then(Object(Closure))
#24 /home/mediboyo/public_html/backend/mediboy/vendor/laravel/framework/src/Illuminate/Routing/Router.php(776): Illuminate\\Routing\\Router->runRouteWithinStack(Object(Illuminate\\Routing\\Route), Object(Illuminate\\Http\\Request))
#25 /home/mediboyo/public_html/backend/mediboy/vendor/laravel/framework/src/Illuminate/Routing/Router.php(740): Illuminate\\Routing\\Router->runRoute(Object(Illuminate\\Http\\Request), Object(Illuminate\\Routing\\Route))
#26 /home/mediboyo/public_html/backend/mediboy/vendor/laravel/framework/src/Illuminate/Routing/Router.php(729): Illuminate\\Routing\\Router->dispatchToRoute(Object(Illuminate\\Http\\Request))
#27 /home/mediboyo/public_html/backend/mediboy/vendor/laravel/framework/src/Illuminate/Foundation/Http/Kernel.php(190): Illuminate\\Routing\\Router->dispatch(Object(Illuminate\\Http\\Request))
#28 /home/mediboyo/public_html/backend/mediboy/vendor/laravel/framework/src/Illuminate/Pipeline/Pipeline.php(141): Illuminate\\Foundation\\Http\\Kernel->Illuminate\\Foundation\\Http\\{closure}(Object(Illuminate\\Http\\Request))
#29 /home/mediboyo/public_html/backend/mediboy/vendor/laravel/framework/src/Illuminate/Foundation/Http/Middleware/TransformsRequest.php(21): Illuminate\\Pipeline\\Pipeline->Illuminate\\Pipeline\\{closure}(Object(Illuminate\\Http\\Request))
#30 /home/mediboyo/public_html/backend/mediboy/vendor/laravel/framework/src/Illuminate/Foundation/Http/Middleware/ConvertEmptyStringsToNull.php(31): Illuminate\\Foundation\\Http\\Middleware\\TransformsRequest->handle(Object(Illuminate\\Http\\Request), Object(Closure))
#31 /home/mediboyo/public_html/backend/mediboy/vendor/laravel/framework/src/Illuminate/Pipeline/Pipeline.php(180): Illuminate\\Foundation\\Http\\Middleware\\ConvertEmptyStringsToNull->handle(Object(Illuminate\\Http\\Request), Object(Closure))
#32 /home/mediboyo/public_html/backend/mediboy/vendor/laravel/framework/src/Illuminate/Foundation/Http/Middleware/TransformsRequest.php(21): Illuminate\\Pipeline\\Pipeline->Illuminate\\Pipeline\\{closure}(Object(Illuminate\\Http\\Request))
#33 /home/mediboyo/public_html/backend/mediboy/vendor/laravel/framework/src/Illuminate/Foundation/Http/Middleware/TrimStrings.php(40): Illuminate\\Foundation\\Http\\Middleware\\TransformsRequest->handle(Object(Illuminate\\Http\\Request), Object(Closure))
#34 /home/mediboyo/public_html/backend/mediboy/vendor/laravel/framework/src/Illuminate/Pipeline/Pipeline.php(180): Illuminate\\Foundation\\Http\\Middleware\\TrimStrings->handle(Object(Illuminate\\Http\\Request), Object(Closure))
#35 /home/mediboyo/public_html/backend/mediboy/vendor/laravel/framework/src/Illuminate/Foundation/Http/Middleware/ValidatePostSize.php(27): Illuminate\\Pipeline\\Pipeline->Illuminate\\Pipeline\\{closure}(Object(Illuminate\\Http\\Request))
#36 /home/mediboyo/public_html/backend/mediboy/vendor/laravel/framework/src/Illuminate/Pipeline/Pipeline.php(180): Illuminate\\Foundation\\Http\\Middleware\\ValidatePostSize->handle(Object(Illuminate\\Http\\Request), Object(Closure))
#37 /home/mediboyo/public_html/backend/mediboy/vendor/laravel/framework/src/Illuminate/Foundation/Http/Middleware/PreventRequestsDuringMaintenance.php(86): Illuminate\\Pipeline\\Pipeline->Illuminate\\Pipeline\\{closure}(Object(Illuminate\\Http\\Request))
#38 /home/mediboyo/public_html/backend/mediboy/vendor/laravel/framework/src/Illuminate/Pipeline/Pipeline.php(180): Illuminate\\Foundation\\Http\\Middleware\\PreventRequestsDuringMaintenance->handle(Object(Illuminate\\Http\\Request), Object(Closure))
#39 /home/mediboyo/public_html/backend/mediboy/vendor/laravel/framework/src/Illuminate/Http/Middleware/HandleCors.php(49): Illuminate\\Pipeline\\Pipeline->Illuminate\\Pipeline\\{closure}(Object(Illuminate\\Http\\Request))
#40 /home/mediboyo/public_html/backend/mediboy/vendor/laravel/framework/src/Illuminate/Pipeline/Pipeline.php(180): Illuminate\\Http\\Middleware\\HandleCors->handle(Object(Illuminate\\Http\\Request), Object(Closure))
#41 /home/mediboyo/public_html/backend/mediboy/vendor/laravel/framework/src/Illuminate/Http/Middleware/TrustProxies.php(39): Illuminate\\Pipeline\\Pipeline->Illuminate\\Pipeline\\{closure}(Object(Illuminate\\Http\\Request))
#42 /home/mediboyo/public_html/backend/mediboy/vendor/laravel/framework/src/Illuminate/Pipeline/Pipeline.php(180): Illuminate\\Http\\Middleware\\TrustProxies->handle(Object(Illuminate\\Http\\Request), Object(Closure))
#43 /home/mediboyo/public_html/backend/mediboy/vendor/laravel/framework/src/Illuminate/Pipeline/Pipeline.php(116): Illuminate\\Pipeline\\Pipeline->Illuminate\\Pipeline\\{closure}(Object(Illuminate\\Http\\Request))
#44 /home/mediboyo/public_html/backend/mediboy/vendor/laravel/framework/src/Illuminate/Foundation/Http/Kernel.php(165): Illuminate\\Pipeline\\Pipeline->then(Object(Closure))
#45 /home/mediboyo/public_html/backend/mediboy/vendor/laravel/framework/src/Illuminate/Foundation/Http/Kernel.php(134): Illuminate\\Foundation\\Http\\Kernel->sendRequestThroughRouter(Object(Illuminate\\Http\\Request))
#46 /home/mediboyo/public_html/backend/mediboy/public/index.php(52): Illuminate\\Foundation\\Http\\Kernel->handle(Object(Illuminate\\Http\\Request))
#47 {main}
"} 
[2024-09-24 17:46:06] local.ERROR: View [welcome] not found. {"exception":"[object] (InvalidArgumentException(code: 0): View [welcome] not found. at /home/mediboyo/public_html/backend/mediboy/vendor/laravel/framework/src/Illuminate/View/FileViewFinder.php:137)
[stacktrace]
#0 /home/mediboyo/public_html/backend/mediboy/vendor/laravel/framework/src/Illuminate/View/FileViewFinder.php(79): Illuminate\\View\\FileViewFinder->findInPaths('welcome', Array)
#1 /home/mediboyo/public_html/backend/mediboy/vendor/laravel/framework/src/Illuminate/View/Factory.php(138): Illuminate\\View\\FileViewFinder->find('welcome')
#2 /home/mediboyo/public_html/backend/mediboy/vendor/laravel/framework/src/Illuminate/Foundation/helpers.php(1035): Illuminate\\View\\Factory->make('welcome', Array, Array)
#3 laravel-serializable-closure://function () {

    return \\view('welcome');

}(3): view('welcome')
#4 /home/mediboyo/public_html/backend/mediboy/vendor/laravel/framework/src/Illuminate/Routing/CallableDispatcher.php(40): Illuminate\\Routing\\RouteFileRegistrar::{closure}()
#5 /home/mediboyo/public_html/backend/mediboy/vendor/laravel/framework/src/Illuminate/Routing/Route.php(237): Illuminate\\Routing\\CallableDispatcher->dispatch(Object(Illuminate\\Routing\\Route), Object(Closure))
#6 /home/mediboyo/public_html/backend/mediboy/vendor/laravel/framework/src/Illuminate/Routing/Route.php(208): Illuminate\\Routing\\Route->runCallable()
#7 /home/mediboyo/public_html/backend/mediboy/vendor/laravel/framework/src/Illuminate/Routing/Router.php(798): Illuminate\\Routing\\Route->run()
#8 /home/mediboyo/public_html/backend/mediboy/vendor/laravel/framework/src/Illuminate/Pipeline/Pipeline.php(141): Illuminate\\Routing\\Router->Illuminate\\Routing\\{closure}(Object(Illuminate\\Http\\Request))
#9 /home/mediboyo/public_html/backend/mediboy/vendor/laravel/framework/src/Illuminate/Routing/Middleware/SubstituteBindings.php(50): Illuminate\\Pipeline\\Pipeline->Illuminate\\Pipeline\\{closure}(Object(Illuminate\\Http\\Request))
#10 /home/mediboyo/public_html/backend/mediboy/vendor/laravel/framework/src/Illuminate/Pipeline/Pipeline.php(180): Illuminate\\Routing\\Middleware\\SubstituteBindings->handle(Object(Illuminate\\Http\\Request), Object(Closure))
#11 /home/mediboyo/public_html/backend/mediboy/vendor/laravel/framework/src/Illuminate/Foundation/Http/Middleware/VerifyCsrfToken.php(78): Illuminate\\Pipeline\\Pipeline->Illuminate\\Pipeline\\{closure}(Object(Illuminate\\Http\\Request))
#12 /home/mediboyo/public_html/backend/mediboy/vendor/laravel/framework/src/Illuminate/Pipeline/Pipeline.php(180): Illuminate\\Foundation\\Http\\Middleware\\VerifyCsrfToken->handle(Object(Illuminate\\Http\\Request), Object(Closure))
#13 /home/mediboyo/public_html/backend/mediboy/vendor/laravel/framework/src/Illuminate/View/Middleware/ShareErrorsFromSession.php(49): Illuminate\\Pipeline\\Pipeline->Illuminate\\Pipeline\\{closure}(Object(Illuminate\\Http\\Request))
#14 /home/mediboyo/public_html/backend/mediboy/vendor/laravel/framework/src/Illuminate/Pipeline/Pipeline.php(180): Illuminate\\View\\Middleware\\ShareErrorsFromSession->handle(Object(Illuminate\\Http\\Request), Object(Closure))
#15 /home/mediboyo/public_html/backend/mediboy/vendor/laravel/framework/src/Illuminate/Session/Middleware/StartSession.php(121): Illuminate\\Pipeline\\Pipeline->Illuminate\\Pipeline\\{closure}(Object(Illuminate\\Http\\Request))
#16 /home/mediboyo/public_html/backend/mediboy/vendor/laravel/framework/src/Illuminate/Session/Middleware/StartSession.php(64): Illuminate\\Session\\Middleware\\StartSession->handleStatefulRequest(Object(Illuminate\\Http\\Request), Object(Illuminate\\Session\\Store), Object(Closure))
#17 /home/mediboyo/public_html/backend/mediboy/vendor/laravel/framework/src/Illuminate/Pipeline/Pipeline.php(180): Illuminate\\Session\\Middleware\\StartSession->handle(Object(Illuminate\\Http\\Request), Object(Closure))
#18 /home/mediboyo/public_html/backend/mediboy/vendor/laravel/framework/src/Illuminate/Cookie/Middleware/AddQueuedCookiesToResponse.php(37): Illuminate\\Pipeline\\Pipeline->Illuminate\\Pipeline\\{closure}(Object(Illuminate\\Http\\Request))
#19 /home/mediboyo/public_html/backend/mediboy/vendor/laravel/framework/src/Illuminate/Pipeline/Pipeline.php(180): Illuminate\\Cookie\\Middleware\\AddQueuedCookiesToResponse->handle(Object(Illuminate\\Http\\Request), Object(Closure))
#20 /home/mediboyo/public_html/backend/mediboy/vendor/laravel/framework/src/Illuminate/Cookie/Middleware/EncryptCookies.php(67): Illuminate\\Pipeline\\Pipeline->Illuminate\\Pipeline\\{closure}(Object(Illuminate\\Http\\Request))
#21 /home/mediboyo/public_html/backend/mediboy/vendor/laravel/framework/src/Illuminate/Pipeline/Pipeline.php(180): Illuminate\\Cookie\\Middleware\\EncryptCookies->handle(Object(Illuminate\\Http\\Request), Object(Closure))
#22 /home/mediboyo/public_html/backend/mediboy/vendor/laravel/framework/src/Illuminate/Pipeline/Pipeline.php(116): Illuminate\\Pipeline\\Pipeline->Illuminate\\Pipeline\\{closure}(Object(Illuminate\\Http\\Request))
#23 /home/mediboyo/public_html/backend/mediboy/vendor/laravel/framework/src/Illuminate/Routing/Router.php(799): Illuminate\\Pipeline\\Pipeline->then(Object(Closure))
#24 /home/mediboyo/public_html/backend/mediboy/vendor/laravel/framework/src/Illuminate/Routing/Router.php(776): Illuminate\\Routing\\Router->runRouteWithinStack(Object(Illuminate\\Routing\\Route), Object(Illuminate\\Http\\Request))
#25 /home/mediboyo/public_html/backend/mediboy/vendor/laravel/framework/src/Illuminate/Routing/Router.php(740): Illuminate\\Routing\\Router->runRoute(Object(Illuminate\\Http\\Request), Object(Illuminate\\Routing\\Route))
#26 /home/mediboyo/public_html/backend/mediboy/vendor/laravel/framework/src/Illuminate/Routing/Router.php(729): Illuminate\\Routing\\Router->dispatchToRoute(Object(Illuminate\\Http\\Request))
#27 /home/mediboyo/public_html/backend/mediboy/vendor/laravel/framework/src/Illuminate/Foundation/Http/Kernel.php(190): Illuminate\\Routing\\Router->dispatch(Object(Illuminate\\Http\\Request))
#28 /home/mediboyo/public_html/backend/mediboy/vendor/laravel/framework/src/Illuminate/Pipeline/Pipeline.php(141): Illuminate\\Foundation\\Http\\Kernel->Illuminate\\Foundation\\Http\\{closure}(Object(Illuminate\\Http\\Request))
#29 /home/mediboyo/public_html/backend/mediboy/vendor/laravel/framework/src/Illuminate/Foundation/Http/Middleware/TransformsRequest.php(21): Illuminate\\Pipeline\\Pipeline->Illuminate\\Pipeline\\{closure}(Object(Illuminate\\Http\\Request))
#30 /home/mediboyo/public_html/backend/mediboy/vendor/laravel/framework/src/Illuminate/Foundation/Http/Middleware/ConvertEmptyStringsToNull.php(31): Illuminate\\Foundation\\Http\\Middleware\\TransformsRequest->handle(Object(Illuminate\\Http\\Request), Object(Closure))
#31 /home/mediboyo/public_html/backend/mediboy/vendor/laravel/framework/src/Illuminate/Pipeline/Pipeline.php(180): Illuminate\\Foundation\\Http\\Middleware\\ConvertEmptyStringsToNull->handle(Object(Illuminate\\Http\\Request), Object(Closure))
#32 /home/mediboyo/public_html/backend/mediboy/vendor/laravel/framework/src/Illuminate/Foundation/Http/Middleware/TransformsRequest.php(21): Illuminate\\Pipeline\\Pipeline->Illuminate\\Pipeline\\{closure}(Object(Illuminate\\Http\\Request))
#33 /home/mediboyo/public_html/backend/mediboy/vendor/laravel/framework/src/Illuminate/Foundation/Http/Middleware/TrimStrings.php(40): Illuminate\\Foundation\\Http\\Middleware\\TransformsRequest->handle(Object(Illuminate\\Http\\Request), Object(Closure))
#34 /home/mediboyo/public_html/backend/mediboy/vendor/laravel/framework/src/Illuminate/Pipeline/Pipeline.php(180): Illuminate\\Foundation\\Http\\Middleware\\TrimStrings->handle(Object(Illuminate\\Http\\Request), Object(Closure))
#35 /home/mediboyo/public_html/backend/mediboy/vendor/laravel/framework/src/Illuminate/Foundation/Http/Middleware/ValidatePostSize.php(27): Illuminate\\Pipeline\\Pipeline->Illuminate\\Pipeline\\{closure}(Object(Illuminate\\Http\\Request))
#36 /home/mediboyo/public_html/backend/mediboy/vendor/laravel/framework/src/Illuminate/Pipeline/Pipeline.php(180): Illuminate\\Foundation\\Http\\Middleware\\ValidatePostSize->handle(Object(Illuminate\\Http\\Request), Object(Closure))
#37 /home/mediboyo/public_html/backend/mediboy/vendor/laravel/framework/src/Illuminate/Foundation/Http/Middleware/PreventRequestsDuringMaintenance.php(86): Illuminate\\Pipeline\\Pipeline->Illuminate\\Pipeline\\{closure}(Object(Illuminate\\Http\\Request))
#38 /home/mediboyo/public_html/backend/mediboy/vendor/laravel/framework/src/Illuminate/Pipeline/Pipeline.php(180): Illuminate\\Foundation\\Http\\Middleware\\PreventRequestsDuringMaintenance->handle(Object(Illuminate\\Http\\Request), Object(Closure))
#39 /home/mediboyo/public_html/backend/mediboy/vendor/laravel/framework/src/Illuminate/Http/Middleware/HandleCors.php(49): Illuminate\\Pipeline\\Pipeline->Illuminate\\Pipeline\\{closure}(Object(Illuminate\\Http\\Request))
#40 /home/mediboyo/public_html/backend/mediboy/vendor/laravel/framework/src/Illuminate/Pipeline/Pipeline.php(180): Illuminate\\Http\\Middleware\\HandleCors->handle(Object(Illuminate\\Http\\Request), Object(Closure))
#41 /home/mediboyo/public_html/backend/mediboy/vendor/laravel/framework/src/Illuminate/Http/Middleware/TrustProxies.php(39): Illuminate\\Pipeline\\Pipeline->Illuminate\\Pipeline\\{closure}(Object(Illuminate\\Http\\Request))
#42 /home/mediboyo/public_html/backend/mediboy/vendor/laravel/framework/src/Illuminate/Pipeline/Pipeline.php(180): Illuminate\\Http\\Middleware\\TrustProxies->handle(Object(Illuminate\\Http\\Request), Object(Closure))
#43 /home/mediboyo/public_html/backend/mediboy/vendor/laravel/framework/src/Illuminate/Pipeline/Pipeline.php(116): Illuminate\\Pipeline\\Pipeline->Illuminate\\Pipeline\\{closure}(Object(Illuminate\\Http\\Request))
#44 /home/mediboyo/public_html/backend/mediboy/vendor/laravel/framework/src/Illuminate/Foundation/Http/Kernel.php(165): Illuminate\\Pipeline\\Pipeline->then(Object(Closure))
#45 /home/mediboyo/public_html/backend/mediboy/vendor/laravel/framework/src/Illuminate/Foundation/Http/Kernel.php(134): Illuminate\\Foundation\\Http\\Kernel->sendRequestThroughRouter(Object(Illuminate\\Http\\Request))
#46 /home/mediboyo/public_html/backend/mediboy/public/index.php(52): Illuminate\\Foundation\\Http\\Kernel->handle(Object(Illuminate\\Http\\Request))
#47 {main}
"} 
[2024-09-24 17:46:06] local.ERROR: View [welcome] not found. {"exception":"[object] (InvalidArgumentException(code: 0): View [welcome] not found. at /home/mediboyo/public_html/backend/mediboy/vendor/laravel/framework/src/Illuminate/View/FileViewFinder.php:137)
[stacktrace]
#0 /home/mediboyo/public_html/backend/mediboy/vendor/laravel/framework/src/Illuminate/View/FileViewFinder.php(79): Illuminate\\View\\FileViewFinder->findInPaths('welcome', Array)
#1 /home/mediboyo/public_html/backend/mediboy/vendor/laravel/framework/src/Illuminate/View/Factory.php(138): Illuminate\\View\\FileViewFinder->find('welcome')
#2 /home/mediboyo/public_html/backend/mediboy/vendor/laravel/framework/src/Illuminate/Foundation/helpers.php(1035): Illuminate\\View\\Factory->make('welcome', Array, Array)
#3 laravel-serializable-closure://function () {

    return \\view('welcome');

}(3): view('welcome')
#4 /home/mediboyo/public_html/backend/mediboy/vendor/laravel/framework/src/Illuminate/Routing/CallableDispatcher.php(40): Illuminate\\Routing\\RouteFileRegistrar::{closure}()
#5 /home/mediboyo/public_html/backend/mediboy/vendor/laravel/framework/src/Illuminate/Routing/Route.php(237): Illuminate\\Routing\\CallableDispatcher->dispatch(Object(Illuminate\\Routing\\Route), Object(Closure))
#6 /home/mediboyo/public_html/backend/mediboy/vendor/laravel/framework/src/Illuminate/Routing/Route.php(208): Illuminate\\Routing\\Route->runCallable()
#7 /home/mediboyo/public_html/backend/mediboy/vendor/laravel/framework/src/Illuminate/Routing/Router.php(798): Illuminate\\Routing\\Route->run()
#8 /home/mediboyo/public_html/backend/mediboy/vendor/laravel/framework/src/Illuminate/Pipeline/Pipeline.php(141): Illuminate\\Routing\\Router->Illuminate\\Routing\\{closure}(Object(Illuminate\\Http\\Request))
#9 /home/mediboyo/public_html/backend/mediboy/vendor/laravel/framework/src/Illuminate/Routing/Middleware/SubstituteBindings.php(50): Illuminate\\Pipeline\\Pipeline->Illuminate\\Pipeline\\{closure}(Object(Illuminate\\Http\\Request))
#10 /home/mediboyo/public_html/backend/mediboy/vendor/laravel/framework/src/Illuminate/Pipeline/Pipeline.php(180): Illuminate\\Routing\\Middleware\\SubstituteBindings->handle(Object(Illuminate\\Http\\Request), Object(Closure))
#11 /home/mediboyo/public_html/backend/mediboy/vendor/laravel/framework/src/Illuminate/Foundation/Http/Middleware/VerifyCsrfToken.php(78): Illuminate\\Pipeline\\Pipeline->Illuminate\\Pipeline\\{closure}(Object(Illuminate\\Http\\Request))
#12 /home/mediboyo/public_html/backend/mediboy/vendor/laravel/framework/src/Illuminate/Pipeline/Pipeline.php(180): Illuminate\\Foundation\\Http\\Middleware\\VerifyCsrfToken->handle(Object(Illuminate\\Http\\Request), Object(Closure))
#13 /home/mediboyo/public_html/backend/mediboy/vendor/laravel/framework/src/Illuminate/View/Middleware/ShareErrorsFromSession.php(49): Illuminate\\Pipeline\\Pipeline->Illuminate\\Pipeline\\{closure}(Object(Illuminate\\Http\\Request))
#14 /home/mediboyo/public_html/backend/mediboy/vendor/laravel/framework/src/Illuminate/Pipeline/Pipeline.php(180): Illuminate\\View\\Middleware\\ShareErrorsFromSession->handle(Object(Illuminate\\Http\\Request), Object(Closure))
#15 /home/mediboyo/public_html/backend/mediboy/vendor/laravel/framework/src/Illuminate/Session/Middleware/StartSession.php(121): Illuminate\\Pipeline\\Pipeline->Illuminate\\Pipeline\\{closure}(Object(Illuminate\\Http\\Request))
#16 /home/mediboyo/public_html/backend/mediboy/vendor/laravel/framework/src/Illuminate/Session/Middleware/StartSession.php(64): Illuminate\\Session\\Middleware\\StartSession->handleStatefulRequest(Object(Illuminate\\Http\\Request), Object(Illuminate\\Session\\Store), Object(Closure))
#17 /home/mediboyo/public_html/backend/mediboy/vendor/laravel/framework/src/Illuminate/Pipeline/Pipeline.php(180): Illuminate\\Session\\Middleware\\StartSession->handle(Object(Illuminate\\Http\\Request), Object(Closure))
#18 /home/mediboyo/public_html/backend/mediboy/vendor/laravel/framework/src/Illuminate/Cookie/Middleware/AddQueuedCookiesToResponse.php(37): Illuminate\\Pipeline\\Pipeline->Illuminate\\Pipeline\\{closure}(Object(Illuminate\\Http\\Request))
#19 /home/mediboyo/public_html/backend/mediboy/vendor/laravel/framework/src/Illuminate/Pipeline/Pipeline.php(180): Illuminate\\Cookie\\Middleware\\AddQueuedCookiesToResponse->handle(Object(Illuminate\\Http\\Request), Object(Closure))
#20 /home/mediboyo/public_html/backend/mediboy/vendor/laravel/framework/src/Illuminate/Cookie/Middleware/EncryptCookies.php(67): Illuminate\\Pipeline\\Pipeline->Illuminate\\Pipeline\\{closure}(Object(Illuminate\\Http\\Request))
#21 /home/mediboyo/public_html/backend/mediboy/vendor/laravel/framework/src/Illuminate/Pipeline/Pipeline.php(180): Illuminate\\Cookie\\Middleware\\EncryptCookies->handle(Object(Illuminate\\Http\\Request), Object(Closure))
#22 /home/mediboyo/public_html/backend/mediboy/vendor/laravel/framework/src/Illuminate/Pipeline/Pipeline.php(116): Illuminate\\Pipeline\\Pipeline->Illuminate\\Pipeline\\{closure}(Object(Illuminate\\Http\\Request))
#23 /home/mediboyo/public_html/backend/mediboy/vendor/laravel/framework/src/Illuminate/Routing/Router.php(799): Illuminate\\Pipeline\\Pipeline->then(Object(Closure))
#24 /home/mediboyo/public_html/backend/mediboy/vendor/laravel/framework/src/Illuminate/Routing/Router.php(776): Illuminate\\Routing\\Router->runRouteWithinStack(Object(Illuminate\\Routing\\Route), Object(Illuminate\\Http\\Request))
#25 /home/mediboyo/public_html/backend/mediboy/vendor/laravel/framework/src/Illuminate/Routing/Router.php(740): Illuminate\\Routing\\Router->runRoute(Object(Illuminate\\Http\\Request), Object(Illuminate\\Routing\\Route))
#26 /home/mediboyo/public_html/backend/mediboy/vendor/laravel/framework/src/Illuminate/Routing/Router.php(729): Illuminate\\Routing\\Router->dispatchToRoute(Object(Illuminate\\Http\\Request))
#27 /home/mediboyo/public_html/backend/mediboy/vendor/laravel/framework/src/Illuminate/Foundation/Http/Kernel.php(190): Illuminate\\Routing\\Router->dispatch(Object(Illuminate\\Http\\Request))
#28 /home/mediboyo/public_html/backend/mediboy/vendor/laravel/framework/src/Illuminate/Pipeline/Pipeline.php(141): Illuminate\\Foundation\\Http\\Kernel->Illuminate\\Foundation\\Http\\{closure}(Object(Illuminate\\Http\\Request))
#29 /home/mediboyo/public_html/backend/mediboy/vendor/laravel/framework/src/Illuminate/Foundation/Http/Middleware/TransformsRequest.php(21): Illuminate\\Pipeline\\Pipeline->Illuminate\\Pipeline\\{closure}(Object(Illuminate\\Http\\Request))
#30 /home/mediboyo/public_html/backend/mediboy/vendor/laravel/framework/src/Illuminate/Foundation/Http/Middleware/ConvertEmptyStringsToNull.php(31): Illuminate\\Foundation\\Http\\Middleware\\TransformsRequest->handle(Object(Illuminate\\Http\\Request), Object(Closure))
#31 /home/mediboyo/public_html/backend/mediboy/vendor/laravel/framework/src/Illuminate/Pipeline/Pipeline.php(180): Illuminate\\Foundation\\Http\\Middleware\\ConvertEmptyStringsToNull->handle(Object(Illuminate\\Http\\Request), Object(Closure))
#32 /home/mediboyo/public_html/backend/mediboy/vendor/laravel/framework/src/Illuminate/Foundation/Http/Middleware/TransformsRequest.php(21): Illuminate\\Pipeline\\Pipeline->Illuminate\\Pipeline\\{closure}(Object(Illuminate\\Http\\Request))
#33 /home/mediboyo/public_html/backend/mediboy/vendor/laravel/framework/src/Illuminate/Foundation/Http/Middleware/TrimStrings.php(40): Illuminate\\Foundation\\Http\\Middleware\\TransformsRequest->handle(Object(Illuminate\\Http\\Request), Object(Closure))
#34 /home/mediboyo/public_html/backend/mediboy/vendor/laravel/framework/src/Illuminate/Pipeline/Pipeline.php(180): Illuminate\\Foundation\\Http\\Middleware\\TrimStrings->handle(Object(Illuminate\\Http\\Request), Object(Closure))
#35 /home/mediboyo/public_html/backend/mediboy/vendor/laravel/framework/src/Illuminate/Foundation/Http/Middleware/ValidatePostSize.php(27): Illuminate\\Pipeline\\Pipeline->Illuminate\\Pipeline\\{closure}(Object(Illuminate\\Http\\Request))
#36 /home/mediboyo/public_html/backend/mediboy/vendor/laravel/framework/src/Illuminate/Pipeline/Pipeline.php(180): Illuminate\\Foundation\\Http\\Middleware\\ValidatePostSize->handle(Object(Illuminate\\Http\\Request), Object(Closure))
#37 /home/mediboyo/public_html/backend/mediboy/vendor/laravel/framework/src/Illuminate/Foundation/Http/Middleware/PreventRequestsDuringMaintenance.php(86): Illuminate\\Pipeline\\Pipeline->Illuminate\\Pipeline\\{closure}(Object(Illuminate\\Http\\Request))
#38 /home/mediboyo/public_html/backend/mediboy/vendor/laravel/framework/src/Illuminate/Pipeline/Pipeline.php(180): Illuminate\\Foundation\\Http\\Middleware\\PreventRequestsDuringMaintenance->handle(Object(Illuminate\\Http\\Request), Object(Closure))
#39 /home/mediboyo/public_html/backend/mediboy/vendor/laravel/framework/src/Illuminate/Http/Middleware/HandleCors.php(49): Illuminate\\Pipeline\\Pipeline->Illuminate\\Pipeline\\{closure}(Object(Illuminate\\Http\\Request))
#40 /home/mediboyo/public_html/backend/mediboy/vendor/laravel/framework/src/Illuminate/Pipeline/Pipeline.php(180): Illuminate\\Http\\Middleware\\HandleCors->handle(Object(Illuminate\\Http\\Request), Object(Closure))
#41 /home/mediboyo/public_html/backend/mediboy/vendor/laravel/framework/src/Illuminate/Http/Middleware/TrustProxies.php(39): Illuminate\\Pipeline\\Pipeline->Illuminate\\Pipeline\\{closure}(Object(Illuminate\\Http\\Request))
#42 /home/mediboyo/public_html/backend/mediboy/vendor/laravel/framework/src/Illuminate/Pipeline/Pipeline.php(180): Illuminate\\Http\\Middleware\\TrustProxies->handle(Object(Illuminate\\Http\\Request), Object(Closure))
#43 /home/mediboyo/public_html/backend/mediboy/vendor/laravel/framework/src/Illuminate/Pipeline/Pipeline.php(116): Illuminate\\Pipeline\\Pipeline->Illuminate\\Pipeline\\{closure}(Object(Illuminate\\Http\\Request))
#44 /home/mediboyo/public_html/backend/mediboy/vendor/laravel/framework/src/Illuminate/Foundation/Http/Kernel.php(165): Illuminate\\Pipeline\\Pipeline->then(Object(Closure))
#45 /home/mediboyo/public_html/backend/mediboy/vendor/laravel/framework/src/Illuminate/Foundation/Http/Kernel.php(134): Illuminate\\Foundation\\Http\\Kernel->sendRequestThroughRouter(Object(Illuminate\\Http\\Request))
#46 /home/mediboyo/public_html/backend/mediboy/public/index.php(52): Illuminate\\Foundation\\Http\\Kernel->handle(Object(Illuminate\\Http\\Request))
#47 {main}
"} 
[2024-09-24 17:46:06] local.ERROR: The "C:\xampp\htdocs\mediboy\storage\framework/sessions" directory does not exist. {"exception":"[object] (Symfony\\Component\\Finder\\Exception\\DirectoryNotFoundException(code: 0): The \"C:\\xampp\\htdocs\\mediboy\\storage\\framework/sessions\" directory does not exist. at /home/mediboyo/public_html/backend/mediboy/vendor/symfony/finder/Finder.php:590)
[stacktrace]
#0 /home/mediboyo/public_html/backend/mediboy/vendor/laravel/framework/src/Illuminate/Session/FileSessionHandler.php(115): Symfony\\Component\\Finder\\Finder->in('C:\\\\xampp\\\\htdocs...')
#1 /home/mediboyo/public_html/backend/mediboy/vendor/laravel/framework/src/Illuminate/Session/Middleware/StartSession.php(178): Illuminate\\Session\\FileSessionHandler->gc(7200)
#2 /home/mediboyo/public_html/backend/mediboy/vendor/laravel/framework/src/Illuminate/Session/Middleware/StartSession.php(119): Illuminate\\Session\\Middleware\\StartSession->collectGarbage(Object(Illuminate\\Session\\Store))
#3 /home/mediboyo/public_html/backend/mediboy/vendor/laravel/framework/src/Illuminate/Session/Middleware/StartSession.php(64): Illuminate\\Session\\Middleware\\StartSession->handleStatefulRequest(Object(Illuminate\\Http\\Request), Object(Illuminate\\Session\\Store), Object(Closure))
#4 /home/mediboyo/public_html/backend/mediboy/vendor/laravel/framework/src/Illuminate/Pipeline/Pipeline.php(180): Illuminate\\Session\\Middleware\\StartSession->handle(Object(Illuminate\\Http\\Request), Object(Closure))
#5 /home/mediboyo/public_html/backend/mediboy/vendor/laravel/framework/src/Illuminate/Cookie/Middleware/AddQueuedCookiesToResponse.php(37): Illuminate\\Pipeline\\Pipeline->Illuminate\\Pipeline\\{closure}(Object(Illuminate\\Http\\Request))
#6 /home/mediboyo/public_html/backend/mediboy/vendor/laravel/framework/src/Illuminate/Pipeline/Pipeline.php(180): Illuminate\\Cookie\\Middleware\\AddQueuedCookiesToResponse->handle(Object(Illuminate\\Http\\Request), Object(Closure))
#7 /home/mediboyo/public_html/backend/mediboy/vendor/laravel/framework/src/Illuminate/Cookie/Middleware/EncryptCookies.php(67): Illuminate\\Pipeline\\Pipeline->Illuminate\\Pipeline\\{closure}(Object(Illuminate\\Http\\Request))
#8 /home/mediboyo/public_html/backend/mediboy/vendor/laravel/framework/src/Illuminate/Pipeline/Pipeline.php(180): Illuminate\\Cookie\\Middleware\\EncryptCookies->handle(Object(Illuminate\\Http\\Request), Object(Closure))
#9 /home/mediboyo/public_html/backend/mediboy/vendor/laravel/framework/src/Illuminate/Pipeline/Pipeline.php(116): Illuminate\\Pipeline\\Pipeline->Illuminate\\Pipeline\\{closure}(Object(Illuminate\\Http\\Request))
#10 /home/mediboyo/public_html/backend/mediboy/vendor/laravel/framework/src/Illuminate/Routing/Router.php(799): Illuminate\\Pipeline\\Pipeline->then(Object(Closure))
#11 /home/mediboyo/public_html/backend/mediboy/vendor/laravel/framework/src/Illuminate/Routing/Router.php(776): Illuminate\\Routing\\Router->runRouteWithinStack(Object(Illuminate\\Routing\\Route), Object(Illuminate\\Http\\Request))
#12 /home/mediboyo/public_html/backend/mediboy/vendor/laravel/framework/src/Illuminate/Routing/Router.php(740): Illuminate\\Routing\\Router->runRoute(Object(Illuminate\\Http\\Request), Object(Illuminate\\Routing\\Route))
#13 /home/mediboyo/public_html/backend/mediboy/vendor/laravel/framework/src/Illuminate/Routing/Router.php(729): Illuminate\\Routing\\Router->dispatchToRoute(Object(Illuminate\\Http\\Request))
#14 /home/mediboyo/public_html/backend/mediboy/vendor/laravel/framework/src/Illuminate/Foundation/Http/Kernel.php(190): Illuminate\\Routing\\Router->dispatch(Object(Illuminate\\Http\\Request))
#15 /home/mediboyo/public_html/backend/mediboy/vendor/laravel/framework/src/Illuminate/Pipeline/Pipeline.php(141): Illuminate\\Foundation\\Http\\Kernel->Illuminate\\Foundation\\Http\\{closure}(Object(Illuminate\\Http\\Request))
#16 /home/mediboyo/public_html/backend/mediboy/vendor/laravel/framework/src/Illuminate/Foundation/Http/Middleware/TransformsRequest.php(21): Illuminate\\Pipeline\\Pipeline->Illuminate\\Pipeline\\{closure}(Object(Illuminate\\Http\\Request))
#17 /home/mediboyo/public_html/backend/mediboy/vendor/laravel/framework/src/Illuminate/Foundation/Http/Middleware/ConvertEmptyStringsToNull.php(31): Illuminate\\Foundation\\Http\\Middleware\\TransformsRequest->handle(Object(Illuminate\\Http\\Request), Object(Closure))
#18 /home/mediboyo/public_html/backend/mediboy/vendor/laravel/framework/src/Illuminate/Pipeline/Pipeline.php(180): Illuminate\\Foundation\\Http\\Middleware\\ConvertEmptyStringsToNull->handle(Object(Illuminate\\Http\\Request), Object(Closure))
#19 /home/mediboyo/public_html/backend/mediboy/vendor/laravel/framework/src/Illuminate/Foundation/Http/Middleware/TransformsRequest.php(21): Illuminate\\Pipeline\\Pipeline->Illuminate\\Pipeline\\{closure}(Object(Illuminate\\Http\\Request))
#20 /home/mediboyo/public_html/backend/mediboy/vendor/laravel/framework/src/Illuminate/Foundation/Http/Middleware/TrimStrings.php(40): Illuminate\\Foundation\\Http\\Middleware\\TransformsRequest->handle(Object(Illuminate\\Http\\Request), Object(Closure))
#21 /home/mediboyo/public_html/backend/mediboy/vendor/laravel/framework/src/Illuminate/Pipeline/Pipeline.php(180): Illuminate\\Foundation\\Http\\Middleware\\TrimStrings->handle(Object(Illuminate\\Http\\Request), Object(Closure))
#22 /home/mediboyo/public_html/backend/mediboy/vendor/laravel/framework/src/Illuminate/Foundation/Http/Middleware/ValidatePostSize.php(27): Illuminate\\Pipeline\\Pipeline->Illuminate\\Pipeline\\{closure}(Object(Illuminate\\Http\\Request))
#23 /home/mediboyo/public_html/backend/mediboy/vendor/laravel/framework/src/Illuminate/Pipeline/Pipeline.php(180): Illuminate\\Foundation\\Http\\Middleware\\ValidatePostSize->handle(Object(Illuminate\\Http\\Request), Object(Closure))
#24 /home/mediboyo/public_html/backend/mediboy/vendor/laravel/framework/src/Illuminate/Foundation/Http/Middleware/PreventRequestsDuringMaintenance.php(86): Illuminate\\Pipeline\\Pipeline->Illuminate\\Pipeline\\{closure}(Object(Illuminate\\Http\\Request))
#25 /home/mediboyo/public_html/backend/mediboy/vendor/laravel/framework/src/Illuminate/Pipeline/Pipeline.php(180): Illuminate\\Foundation\\Http\\Middleware\\PreventRequestsDuringMaintenance->handle(Object(Illuminate\\Http\\Request), Object(Closure))
#26 /home/mediboyo/public_html/backend/mediboy/vendor/laravel/framework/src/Illuminate/Http/Middleware/HandleCors.php(49): Illuminate\\Pipeline\\Pipeline->Illuminate\\Pipeline\\{closure}(Object(Illuminate\\Http\\Request))
#27 /home/mediboyo/public_html/backend/mediboy/vendor/laravel/framework/src/Illuminate/Pipeline/Pipeline.php(180): Illuminate\\Http\\Middleware\\HandleCors->handle(Object(Illuminate\\Http\\Request), Object(Closure))
#28 /home/mediboyo/public_html/backend/mediboy/vendor/laravel/framework/src/Illuminate/Http/Middleware/TrustProxies.php(39): Illuminate\\Pipeline\\Pipeline->Illuminate\\Pipeline\\{closure}(Object(Illuminate\\Http\\Request))
#29 /home/mediboyo/public_html/backend/mediboy/vendor/laravel/framework/src/Illuminate/Pipeline/Pipeline.php(180): Illuminate\\Http\\Middleware\\TrustProxies->handle(Object(Illuminate\\Http\\Request), Object(Closure))
#30 /home/mediboyo/public_html/backend/mediboy/vendor/laravel/framework/src/Illuminate/Pipeline/Pipeline.php(116): Illuminate\\Pipeline\\Pipeline->Illuminate\\Pipeline\\{closure}(Object(Illuminate\\Http\\Request))
#31 /home/mediboyo/public_html/backend/mediboy/vendor/laravel/framework/src/Illuminate/Foundation/Http/Kernel.php(165): Illuminate\\Pipeline\\Pipeline->then(Object(Closure))
#32 /home/mediboyo/public_html/backend/mediboy/vendor/laravel/framework/src/Illuminate/Foundation/Http/Kernel.php(134): Illuminate\\Foundation\\Http\\Kernel->sendRequestThroughRouter(Object(Illuminate\\Http\\Request))
#33 /home/mediboyo/public_html/backend/mediboy/public/index.php(52): Illuminate\\Foundation\\Http\\Kernel->handle(Object(Illuminate\\Http\\Request))
#34 {main}
"} 
[2024-09-24 17:46:06] local.ERROR: file_put_contents(C:\xampp\htdocs\mediboy\storage\framework/sessions/EZQupb1nbTRCZgMgFTaG9mClGSbQlX3vQmkjsBTU): Failed to open stream: No such file or directory {"exception":"[object] (ErrorException(code: 0): file_put_contents(C:\\xampp\\htdocs\\mediboy\\storage\\framework/sessions/EZQupb1nbTRCZgMgFTaG9mClGSbQlX3vQmkjsBTU): Failed to open stream: No such file or directory at /home/mediboyo/public_html/backend/mediboy/vendor/laravel/framework/src/Illuminate/Filesystem/Filesystem.php:190)
[stacktrace]
#0 /home/mediboyo/public_html/backend/mediboy/vendor/laravel/framework/src/Illuminate/Foundation/Bootstrap/HandleExceptions.php(270): Illuminate\\Foundation\\Bootstrap\\HandleExceptions->handleError(2, 'file_put_conten...', '/home/mediboyo/...', 190)
#1 [internal function]: Illuminate\\Foundation\\Bootstrap\\HandleExceptions->Illuminate\\Foundation\\Bootstrap\\{closure}(2, 'file_put_conten...', '/home/mediboyo/...', 190)
#2 /home/mediboyo/public_html/backend/mediboy/vendor/laravel/framework/src/Illuminate/Filesystem/Filesystem.php(190): file_put_contents('C:\\\\xampp\\\\htdocs...', 'a:3:{s:6:\"_toke...', 2)
#3 /home/mediboyo/public_html/backend/mediboy/vendor/laravel/framework/src/Illuminate/Session/FileSessionHandler.php(90): Illuminate\\Filesystem\\Filesystem->put('C:\\\\xampp\\\\htdocs...', 'a:3:{s:6:\"_toke...', true)
#4 /home/mediboyo/public_html/backend/mediboy/vendor/laravel/framework/src/Illuminate/Session/Store.php(173): Illuminate\\Session\\FileSessionHandler->write('EZQupb1nbTRCZgM...', 'a:3:{s:6:\"_toke...')
#5 /home/mediboyo/public_html/backend/mediboy/vendor/laravel/framework/src/Illuminate/Session/Middleware/StartSession.php(238): Illuminate\\Session\\Store->save()
#6 /home/mediboyo/public_html/backend/mediboy/vendor/laravel/framework/src/Illuminate/Session/Middleware/StartSession.php(130): Illuminate\\Session\\Middleware\\StartSession->saveSession(Object(Illuminate\\Http\\Request))
#7 /home/mediboyo/public_html/backend/mediboy/vendor/laravel/framework/src/Illuminate/Session/Middleware/StartSession.php(64): Illuminate\\Session\\Middleware\\StartSession->handleStatefulRequest(Object(Illuminate\\Http\\Request), Object(Illuminate\\Session\\Store), Object(Closure))
#8 /home/mediboyo/public_html/backend/mediboy/vendor/laravel/framework/src/Illuminate/Pipeline/Pipeline.php(180): Illuminate\\Session\\Middleware\\StartSession->handle(Object(Illuminate\\Http\\Request), Object(Closure))
#9 /home/mediboyo/public_html/backend/mediboy/vendor/laravel/framework/src/Illuminate/Cookie/Middleware/AddQueuedCookiesToResponse.php(37): Illuminate\\Pipeline\\Pipeline->Illuminate\\Pipeline\\{closure}(Object(Illuminate\\Http\\Request))
#10 /home/mediboyo/public_html/backend/mediboy/vendor/laravel/framework/src/Illuminate/Pipeline/Pipeline.php(180): Illuminate\\Cookie\\Middleware\\AddQueuedCookiesToResponse->handle(Object(Illuminate\\Http\\Request), Object(Closure))
#11 /home/mediboyo/public_html/backend/mediboy/vendor/laravel/framework/src/Illuminate/Cookie/Middleware/EncryptCookies.php(67): Illuminate\\Pipeline\\Pipeline->Illuminate\\Pipeline\\{closure}(Object(Illuminate\\Http\\Request))
#12 /home/mediboyo/public_html/backend/mediboy/vendor/laravel/framework/src/Illuminate/Pipeline/Pipeline.php(180): Illuminate\\Cookie\\Middleware\\EncryptCookies->handle(Object(Illuminate\\Http\\Request), Object(Closure))
#13 /home/mediboyo/public_html/backend/mediboy/vendor/laravel/framework/src/Illuminate/Pipeline/Pipeline.php(116): Illuminate\\Pipeline\\Pipeline->Illuminate\\Pipeline\\{closure}(Object(Illuminate\\Http\\Request))
#14 /home/mediboyo/public_html/backend/mediboy/vendor/laravel/framework/src/Illuminate/Routing/Router.php(799): Illuminate\\Pipeline\\Pipeline->then(Object(Closure))
#15 /home/mediboyo/public_html/backend/mediboy/vendor/laravel/framework/src/Illuminate/Routing/Router.php(776): Illuminate\\Routing\\Router->runRouteWithinStack(Object(Illuminate\\Routing\\Route), Object(Illuminate\\Http\\Request))
#16 /home/mediboyo/public_html/backend/mediboy/vendor/laravel/framework/src/Illuminate/Routing/Router.php(740): Illuminate\\Routing\\Router->runRoute(Object(Illuminate\\Http\\Request), Object(Illuminate\\Routing\\Route))
#17 /home/mediboyo/public_html/backend/mediboy/vendor/laravel/framework/src/Illuminate/Routing/Router.php(729): Illuminate\\Routing\\Router->dispatchToRoute(Object(Illuminate\\Http\\Request))
#18 /home/mediboyo/public_html/backend/mediboy/vendor/laravel/framework/src/Illuminate/Foundation/Http/Kernel.php(190): Illuminate\\Routing\\Router->dispatch(Object(Illuminate\\Http\\Request))
#19 /home/mediboyo/public_html/backend/mediboy/vendor/laravel/framework/src/Illuminate/Pipeline/Pipeline.php(141): Illuminate\\Foundation\\Http\\Kernel->Illuminate\\Foundation\\Http\\{closure}(Object(Illuminate\\Http\\Request))
#20 /home/mediboyo/public_html/backend/mediboy/vendor/laravel/framework/src/Illuminate/Foundation/Http/Middleware/TransformsRequest.php(21): Illuminate\\Pipeline\\Pipeline->Illuminate\\Pipeline\\{closure}(Object(Illuminate\\Http\\Request))
#21 /home/mediboyo/public_html/backend/mediboy/vendor/laravel/framework/src/Illuminate/Foundation/Http/Middleware/ConvertEmptyStringsToNull.php(31): Illuminate\\Foundation\\Http\\Middleware\\TransformsRequest->handle(Object(Illuminate\\Http\\Request), Object(Closure))
#22 /home/mediboyo/public_html/backend/mediboy/vendor/laravel/framework/src/Illuminate/Pipeline/Pipeline.php(180): Illuminate\\Foundation\\Http\\Middleware\\ConvertEmptyStringsToNull->handle(Object(Illuminate\\Http\\Request), Object(Closure))
#23 /home/mediboyo/public_html/backend/mediboy/vendor/laravel/framework/src/Illuminate/Foundation/Http/Middleware/TransformsRequest.php(21): Illuminate\\Pipeline\\Pipeline->Illuminate\\Pipeline\\{closure}(Object(Illuminate\\Http\\Request))
#24 /home/mediboyo/public_html/backend/mediboy/vendor/laravel/framework/src/Illuminate/Foundation/Http/Middleware/TrimStrings.php(40): Illuminate\\Foundation\\Http\\Middleware\\TransformsRequest->handle(Object(Illuminate\\Http\\Request), Object(Closure))
#25 /home/mediboyo/public_html/backend/mediboy/vendor/laravel/framework/src/Illuminate/Pipeline/Pipeline.php(180): Illuminate\\Foundation\\Http\\Middleware\\TrimStrings->handle(Object(Illuminate\\Http\\Request), Object(Closure))
#26 /home/mediboyo/public_html/backend/mediboy/vendor/laravel/framework/src/Illuminate/Foundation/Http/Middleware/ValidatePostSize.php(27): Illuminate\\Pipeline\\Pipeline->Illuminate\\Pipeline\\{closure}(Object(Illuminate\\Http\\Request))
#27 /home/mediboyo/public_html/backend/mediboy/vendor/laravel/framework/src/Illuminate/Pipeline/Pipeline.php(180): Illuminate\\Foundation\\Http\\Middleware\\ValidatePostSize->handle(Object(Illuminate\\Http\\Request), Object(Closure))
#28 /home/mediboyo/public_html/backend/mediboy/vendor/laravel/framework/src/Illuminate/Foundation/Http/Middleware/PreventRequestsDuringMaintenance.php(86): Illuminate\\Pipeline\\Pipeline->Illuminate\\Pipeline\\{closure}(Object(Illuminate\\Http\\Request))
#29 /home/mediboyo/public_html/backend/mediboy/vendor/laravel/framework/src/Illuminate/Pipeline/Pipeline.php(180): Illuminate\\Foundation\\Http\\Middleware\\PreventRequestsDuringMaintenance->handle(Object(Illuminate\\Http\\Request), Object(Closure))
#30 /home/mediboyo/public_html/backend/mediboy/vendor/laravel/framework/src/Illuminate/Http/Middleware/HandleCors.php(49): Illuminate\\Pipeline\\Pipeline->Illuminate\\Pipeline\\{closure}(Object(Illuminate\\Http\\Request))
#31 /home/mediboyo/public_html/backend/mediboy/vendor/laravel/framework/src/Illuminate/Pipeline/Pipeline.php(180): Illuminate\\Http\\Middleware\\HandleCors->handle(Object(Illuminate\\Http\\Request), Object(Closure))
#32 /home/mediboyo/public_html/backend/mediboy/vendor/laravel/framework/src/Illuminate/Http/Middleware/TrustProxies.php(39): Illuminate\\Pipeline\\Pipeline->Illuminate\\Pipeline\\{closure}(Object(Illuminate\\Http\\Request))
#33 /home/mediboyo/public_html/backend/mediboy/vendor/laravel/framework/src/Illuminate/Pipeline/Pipeline.php(180): Illuminate\\Http\\Middleware\\TrustProxies->handle(Object(Illuminate\\Http\\Request), Object(Closure))
#34 /home/mediboyo/public_html/backend/mediboy/vendor/laravel/framework/src/Illuminate/Pipeline/Pipeline.php(116): Illuminate\\Pipeline\\Pipeline->Illuminate\\Pipeline\\{closure}(Object(Illuminate\\Http\\Request))
#35 /home/mediboyo/public_html/backend/mediboy/vendor/laravel/framework/src/Illuminate/Foundation/Http/Kernel.php(165): Illuminate\\Pipeline\\Pipeline->then(Object(Closure))
#36 /home/mediboyo/public_html/backend/mediboy/vendor/laravel/framework/src/Illuminate/Foundation/Http/Kernel.php(134): Illuminate\\Foundation\\Http\\Kernel->sendRequestThroughRouter(Object(Illuminate\\Http\\Request))
#37 /home/mediboyo/public_html/backend/mediboy/public/index.php(52): Illuminate\\Foundation\\Http\\Kernel->handle(Object(Illuminate\\Http\\Request))
#38 {main}
"} 
[2024-09-24 17:46:07] local.ERROR: file_put_contents(C:\xampp\htdocs\mediboy\storage\framework/sessions/ioZwsdZRSLhfXed27pIiXz1dPpqkmuITG60hEHJt): Failed to open stream: No such file or directory {"exception":"[object] (ErrorException(code: 0): file_put_contents(C:\\xampp\\htdocs\\mediboy\\storage\\framework/sessions/ioZwsdZRSLhfXed27pIiXz1dPpqkmuITG60hEHJt): Failed to open stream: No such file or directory at /home/mediboyo/public_html/backend/mediboy/vendor/laravel/framework/src/Illuminate/Filesystem/Filesystem.php:190)
[stacktrace]
#0 /home/mediboyo/public_html/backend/mediboy/vendor/laravel/framework/src/Illuminate/Foundation/Bootstrap/HandleExceptions.php(270): Illuminate\\Foundation\\Bootstrap\\HandleExceptions->handleError(2, 'file_put_conten...', '/home/mediboyo/...', 190)
#1 [internal function]: Illuminate\\Foundation\\Bootstrap\\HandleExceptions->Illuminate\\Foundation\\Bootstrap\\{closure}(2, 'file_put_conten...', '/home/mediboyo/...', 190)
#2 /home/mediboyo/public_html/backend/mediboy/vendor/laravel/framework/src/Illuminate/Filesystem/Filesystem.php(190): file_put_contents('C:\\\\xampp\\\\htdocs...', 'a:3:{s:6:\"_toke...', 2)
#3 /home/mediboyo/public_html/backend/mediboy/vendor/laravel/framework/src/Illuminate/Session/FileSessionHandler.php(90): Illuminate\\Filesystem\\Filesystem->put('C:\\\\xampp\\\\htdocs...', 'a:3:{s:6:\"_toke...', true)
#4 /home/mediboyo/public_html/backend/mediboy/vendor/laravel/framework/src/Illuminate/Session/Store.php(173): Illuminate\\Session\\FileSessionHandler->write('ioZwsdZRSLhfXed...', 'a:3:{s:6:\"_toke...')
#5 /home/mediboyo/public_html/backend/mediboy/vendor/laravel/framework/src/Illuminate/Session/Middleware/StartSession.php(238): Illuminate\\Session\\Store->save()
#6 /home/mediboyo/public_html/backend/mediboy/vendor/laravel/framework/src/Illuminate/Session/Middleware/StartSession.php(130): Illuminate\\Session\\Middleware\\StartSession->saveSession(Object(Illuminate\\Http\\Request))
#7 /home/mediboyo/public_html/backend/mediboy/vendor/laravel/framework/src/Illuminate/Session/Middleware/StartSession.php(64): Illuminate\\Session\\Middleware\\StartSession->handleStatefulRequest(Object(Illuminate\\Http\\Request), Object(Illuminate\\Session\\Store), Object(Closure))
#8 /home/mediboyo/public_html/backend/mediboy/vendor/laravel/framework/src/Illuminate/Pipeline/Pipeline.php(180): Illuminate\\Session\\Middleware\\StartSession->handle(Object(Illuminate\\Http\\Request), Object(Closure))
#9 /home/mediboyo/public_html/backend/mediboy/vendor/laravel/framework/src/Illuminate/Cookie/Middleware/AddQueuedCookiesToResponse.php(37): Illuminate\\Pipeline\\Pipeline->Illuminate\\Pipeline\\{closure}(Object(Illuminate\\Http\\Request))
#10 /home/mediboyo/public_html/backend/mediboy/vendor/laravel/framework/src/Illuminate/Pipeline/Pipeline.php(180): Illuminate\\Cookie\\Middleware\\AddQueuedCookiesToResponse->handle(Object(Illuminate\\Http\\Request), Object(Closure))
#11 /home/mediboyo/public_html/backend/mediboy/vendor/laravel/framework/src/Illuminate/Cookie/Middleware/EncryptCookies.php(67): Illuminate\\Pipeline\\Pipeline->Illuminate\\Pipeline\\{closure}(Object(Illuminate\\Http\\Request))
#12 /home/mediboyo/public_html/backend/mediboy/vendor/laravel/framework/src/Illuminate/Pipeline/Pipeline.php(180): Illuminate\\Cookie\\Middleware\\EncryptCookies->handle(Object(Illuminate\\Http\\Request), Object(Closure))
#13 /home/mediboyo/public_html/backend/mediboy/vendor/laravel/framework/src/Illuminate/Pipeline/Pipeline.php(116): Illuminate\\Pipeline\\Pipeline->Illuminate\\Pipeline\\{closure}(Object(Illuminate\\Http\\Request))
#14 /home/mediboyo/public_html/backend/mediboy/vendor/laravel/framework/src/Illuminate/Routing/Router.php(799): Illuminate\\Pipeline\\Pipeline->then(Object(Closure))
#15 /home/mediboyo/public_html/backend/mediboy/vendor/laravel/framework/src/Illuminate/Routing/Router.php(776): Illuminate\\Routing\\Router->runRouteWithinStack(Object(Illuminate\\Routing\\Route), Object(Illuminate\\Http\\Request))
#16 /home/mediboyo/public_html/backend/mediboy/vendor/laravel/framework/src/Illuminate/Routing/Router.php(740): Illuminate\\Routing\\Router->runRoute(Object(Illuminate\\Http\\Request), Object(Illuminate\\Routing\\Route))
#17 /home/mediboyo/public_html/backend/mediboy/vendor/laravel/framework/src/Illuminate/Routing/Router.php(729): Illuminate\\Routing\\Router->dispatchToRoute(Object(Illuminate\\Http\\Request))
#18 /home/mediboyo/public_html/backend/mediboy/vendor/laravel/framework/src/Illuminate/Foundation/Http/Kernel.php(190): Illuminate\\Routing\\Router->dispatch(Object(Illuminate\\Http\\Request))
#19 /home/mediboyo/public_html/backend/mediboy/vendor/laravel/framework/src/Illuminate/Pipeline/Pipeline.php(141): Illuminate\\Foundation\\Http\\Kernel->Illuminate\\Foundation\\Http\\{closure}(Object(Illuminate\\Http\\Request))
#20 /home/mediboyo/public_html/backend/mediboy/vendor/laravel/framework/src/Illuminate/Foundation/Http/Middleware/TransformsRequest.php(21): Illuminate\\Pipeline\\Pipeline->Illuminate\\Pipeline\\{closure}(Object(Illuminate\\Http\\Request))
#21 /home/mediboyo/public_html/backend/mediboy/vendor/laravel/framework/src/Illuminate/Foundation/Http/Middleware/ConvertEmptyStringsToNull.php(31): Illuminate\\Foundation\\Http\\Middleware\\TransformsRequest->handle(Object(Illuminate\\Http\\Request), Object(Closure))
#22 /home/mediboyo/public_html/backend/mediboy/vendor/laravel/framework/src/Illuminate/Pipeline/Pipeline.php(180): Illuminate\\Foundation\\Http\\Middleware\\ConvertEmptyStringsToNull->handle(Object(Illuminate\\Http\\Request), Object(Closure))
#23 /home/mediboyo/public_html/backend/mediboy/vendor/laravel/framework/src/Illuminate/Foundation/Http/Middleware/TransformsRequest.php(21): Illuminate\\Pipeline\\Pipeline->Illuminate\\Pipeline\\{closure}(Object(Illuminate\\Http\\Request))
#24 /home/mediboyo/public_html/backend/mediboy/vendor/laravel/framework/src/Illuminate/Foundation/Http/Middleware/TrimStrings.php(40): Illuminate\\Foundation\\Http\\Middleware\\TransformsRequest->handle(Object(Illuminate\\Http\\Request), Object(Closure))
#25 /home/mediboyo/public_html/backend/mediboy/vendor/laravel/framework/src/Illuminate/Pipeline/Pipeline.php(180): Illuminate\\Foundation\\Http\\Middleware\\TrimStrings->handle(Object(Illuminate\\Http\\Request), Object(Closure))
#26 /home/mediboyo/public_html/backend/mediboy/vendor/laravel/framework/src/Illuminate/Foundation/Http/Middleware/ValidatePostSize.php(27): Illuminate\\Pipeline\\Pipeline->Illuminate\\Pipeline\\{closure}(Object(Illuminate\\Http\\Request))
#27 /home/mediboyo/public_html/backend/mediboy/vendor/laravel/framework/src/Illuminate/Pipeline/Pipeline.php(180): Illuminate\\Foundation\\Http\\Middleware\\ValidatePostSize->handle(Object(Illuminate\\Http\\Request), Object(Closure))
#28 /home/mediboyo/public_html/backend/mediboy/vendor/laravel/framework/src/Illuminate/Foundation/Http/Middleware/PreventRequestsDuringMaintenance.php(86): Illuminate\\Pipeline\\Pipeline->Illuminate\\Pipeline\\{closure}(Object(Illuminate\\Http\\Request))
#29 /home/mediboyo/public_html/backend/mediboy/vendor/laravel/framework/src/Illuminate/Pipeline/Pipeline.php(180): Illuminate\\Foundation\\Http\\Middleware\\PreventRequestsDuringMaintenance->handle(Object(Illuminate\\Http\\Request), Object(Closure))
#30 /home/mediboyo/public_html/backend/mediboy/vendor/laravel/framework/src/Illuminate/Http/Middleware/HandleCors.php(49): Illuminate\\Pipeline\\Pipeline->Illuminate\\Pipeline\\{closure}(Object(Illuminate\\Http\\Request))
#31 /home/mediboyo/public_html/backend/mediboy/vendor/laravel/framework/src/Illuminate/Pipeline/Pipeline.php(180): Illuminate\\Http\\Middleware\\HandleCors->handle(Object(Illuminate\\Http\\Request), Object(Closure))
#32 /home/mediboyo/public_html/backend/mediboy/vendor/laravel/framework/src/Illuminate/Http/Middleware/TrustProxies.php(39): Illuminate\\Pipeline\\Pipeline->Illuminate\\Pipeline\\{closure}(Object(Illuminate\\Http\\Request))
#33 /home/mediboyo/public_html/backend/mediboy/vendor/laravel/framework/src/Illuminate/Pipeline/Pipeline.php(180): Illuminate\\Http\\Middleware\\TrustProxies->handle(Object(Illuminate\\Http\\Request), Object(Closure))
#34 /home/mediboyo/public_html/backend/mediboy/vendor/laravel/framework/src/Illuminate/Pipeline/Pipeline.php(116): Illuminate\\Pipeline\\Pipeline->Illuminate\\Pipeline\\{closure}(Object(Illuminate\\Http\\Request))
#35 /home/mediboyo/public_html/backend/mediboy/vendor/laravel/framework/src/Illuminate/Foundation/Http/Kernel.php(165): Illuminate\\Pipeline\\Pipeline->then(Object(Closure))
#36 /home/mediboyo/public_html/backend/mediboy/vendor/laravel/framework/src/Illuminate/Foundation/Http/Kernel.php(134): Illuminate\\Foundation\\Http\\Kernel->sendRequestThroughRouter(Object(Illuminate\\Http\\Request))
#37 /home/mediboyo/public_html/backend/mediboy/public/index.php(52): Illuminate\\Foundation\\Http\\Kernel->handle(Object(Illuminate\\Http\\Request))
#38 {main}
"} 
[2024-09-24 17:46:07] local.ERROR: file_put_contents(C:\xampp\htdocs\mediboy\storage\framework/sessions/wRyOGK2XqECFtUEaWOluDyQCYdwlBm52VunIh86n): Failed to open stream: No such file or directory {"exception":"[object] (ErrorException(code: 0): file_put_contents(C:\\xampp\\htdocs\\mediboy\\storage\\framework/sessions/wRyOGK2XqECFtUEaWOluDyQCYdwlBm52VunIh86n): Failed to open stream: No such file or directory at /home/mediboyo/public_html/backend/mediboy/vendor/laravel/framework/src/Illuminate/Filesystem/Filesystem.php:190)
[stacktrace]
#0 /home/mediboyo/public_html/backend/mediboy/vendor/laravel/framework/src/Illuminate/Foundation/Bootstrap/HandleExceptions.php(270): Illuminate\\Foundation\\Bootstrap\\HandleExceptions->handleError(2, 'file_put_conten...', '/home/mediboyo/...', 190)
#1 [internal function]: Illuminate\\Foundation\\Bootstrap\\HandleExceptions->Illuminate\\Foundation\\Bootstrap\\{closure}(2, 'file_put_conten...', '/home/mediboyo/...', 190)
#2 /home/mediboyo/public_html/backend/mediboy/vendor/laravel/framework/src/Illuminate/Filesystem/Filesystem.php(190): file_put_contents('C:\\\\xampp\\\\htdocs...', 'a:3:{s:6:\"_toke...', 2)
#3 /home/mediboyo/public_html/backend/mediboy/vendor/laravel/framework/src/Illuminate/Session/FileSessionHandler.php(90): Illuminate\\Filesystem\\Filesystem->put('C:\\\\xampp\\\\htdocs...', 'a:3:{s:6:\"_toke...', true)
#4 /home/mediboyo/public_html/backend/mediboy/vendor/laravel/framework/src/Illuminate/Session/Store.php(173): Illuminate\\Session\\FileSessionHandler->write('wRyOGK2XqECFtUE...', 'a:3:{s:6:\"_toke...')
#5 /home/mediboyo/public_html/backend/mediboy/vendor/laravel/framework/src/Illuminate/Session/Middleware/StartSession.php(238): Illuminate\\Session\\Store->save()
#6 /home/mediboyo/public_html/backend/mediboy/vendor/laravel/framework/src/Illuminate/Session/Middleware/StartSession.php(130): Illuminate\\Session\\Middleware\\StartSession->saveSession(Object(Illuminate\\Http\\Request))
#7 /home/mediboyo/public_html/backend/mediboy/vendor/laravel/framework/src/Illuminate/Session/Middleware/StartSession.php(64): Illuminate\\Session\\Middleware\\StartSession->handleStatefulRequest(Object(Illuminate\\Http\\Request), Object(Illuminate\\Session\\Store), Object(Closure))
#8 /home/mediboyo/public_html/backend/mediboy/vendor/laravel/framework/src/Illuminate/Pipeline/Pipeline.php(180): Illuminate\\Session\\Middleware\\StartSession->handle(Object(Illuminate\\Http\\Request), Object(Closure))
#9 /home/mediboyo/public_html/backend/mediboy/vendor/laravel/framework/src/Illuminate/Cookie/Middleware/AddQueuedCookiesToResponse.php(37): Illuminate\\Pipeline\\Pipeline->Illuminate\\Pipeline\\{closure}(Object(Illuminate\\Http\\Request))
#10 /home/mediboyo/public_html/backend/mediboy/vendor/laravel/framework/src/Illuminate/Pipeline/Pipeline.php(180): Illuminate\\Cookie\\Middleware\\AddQueuedCookiesToResponse->handle(Object(Illuminate\\Http\\Request), Object(Closure))
#11 /home/mediboyo/public_html/backend/mediboy/vendor/laravel/framework/src/Illuminate/Cookie/Middleware/EncryptCookies.php(67): Illuminate\\Pipeline\\Pipeline->Illuminate\\Pipeline\\{closure}(Object(Illuminate\\Http\\Request))
#12 /home/mediboyo/public_html/backend/mediboy/vendor/laravel/framework/src/Illuminate/Pipeline/Pipeline.php(180): Illuminate\\Cookie\\Middleware\\EncryptCookies->handle(Object(Illuminate\\Http\\Request), Object(Closure))
#13 /home/mediboyo/public_html/backend/mediboy/vendor/laravel/framework/src/Illuminate/Pipeline/Pipeline.php(116): Illuminate\\Pipeline\\Pipeline->Illuminate\\Pipeline\\{closure}(Object(Illuminate\\Http\\Request))
#14 /home/mediboyo/public_html/backend/mediboy/vendor/laravel/framework/src/Illuminate/Routing/Router.php(799): Illuminate\\Pipeline\\Pipeline->then(Object(Closure))
#15 /home/mediboyo/public_html/backend/mediboy/vendor/laravel/framework/src/Illuminate/Routing/Router.php(776): Illuminate\\Routing\\Router->runRouteWithinStack(Object(Illuminate\\Routing\\Route), Object(Illuminate\\Http\\Request))
#16 /home/mediboyo/public_html/backend/mediboy/vendor/laravel/framework/src/Illuminate/Routing/Router.php(740): Illuminate\\Routing\\Router->runRoute(Object(Illuminate\\Http\\Request), Object(Illuminate\\Routing\\Route))
#17 /home/mediboyo/public_html/backend/mediboy/vendor/laravel/framework/src/Illuminate/Routing/Router.php(729): Illuminate\\Routing\\Router->dispatchToRoute(Object(Illuminate\\Http\\Request))
#18 /home/mediboyo/public_html/backend/mediboy/vendor/laravel/framework/src/Illuminate/Foundation/Http/Kernel.php(190): Illuminate\\Routing\\Router->dispatch(Object(Illuminate\\Http\\Request))
#19 /home/mediboyo/public_html/backend/mediboy/vendor/laravel/framework/src/Illuminate/Pipeline/Pipeline.php(141): Illuminate\\Foundation\\Http\\Kernel->Illuminate\\Foundation\\Http\\{closure}(Object(Illuminate\\Http\\Request))
#20 /home/mediboyo/public_html/backend/mediboy/vendor/laravel/framework/src/Illuminate/Foundation/Http/Middleware/TransformsRequest.php(21): Illuminate\\Pipeline\\Pipeline->Illuminate\\Pipeline\\{closure}(Object(Illuminate\\Http\\Request))
#21 /home/mediboyo/public_html/backend/mediboy/vendor/laravel/framework/src/Illuminate/Foundation/Http/Middleware/ConvertEmptyStringsToNull.php(31): Illuminate\\Foundation\\Http\\Middleware\\TransformsRequest->handle(Object(Illuminate\\Http\\Request), Object(Closure))
#22 /home/mediboyo/public_html/backend/mediboy/vendor/laravel/framework/src/Illuminate/Pipeline/Pipeline.php(180): Illuminate\\Foundation\\Http\\Middleware\\ConvertEmptyStringsToNull->handle(Object(Illuminate\\Http\\Request), Object(Closure))
#23 /home/mediboyo/public_html/backend/mediboy/vendor/laravel/framework/src/Illuminate/Foundation/Http/Middleware/TransformsRequest.php(21): Illuminate\\Pipeline\\Pipeline->Illuminate\\Pipeline\\{closure}(Object(Illuminate\\Http\\Request))
#24 /home/mediboyo/public_html/backend/mediboy/vendor/laravel/framework/src/Illuminate/Foundation/Http/Middleware/TrimStrings.php(40): Illuminate\\Foundation\\Http\\Middleware\\TransformsRequest->handle(Object(Illuminate\\Http\\Request), Object(Closure))
#25 /home/mediboyo/public_html/backend/mediboy/vendor/laravel/framework/src/Illuminate/Pipeline/Pipeline.php(180): Illuminate\\Foundation\\Http\\Middleware\\TrimStrings->handle(Object(Illuminate\\Http\\Request), Object(Closure))
#26 /home/mediboyo/public_html/backend/mediboy/vendor/laravel/framework/src/Illuminate/Foundation/Http/Middleware/ValidatePostSize.php(27): Illuminate\\Pipeline\\Pipeline->Illuminate\\Pipeline\\{closure}(Object(Illuminate\\Http\\Request))
#27 /home/mediboyo/public_html/backend/mediboy/vendor/laravel/framework/src/Illuminate/Pipeline/Pipeline.php(180): Illuminate\\Foundation\\Http\\Middleware\\ValidatePostSize->handle(Object(Illuminate\\Http\\Request), Object(Closure))
#28 /home/mediboyo/public_html/backend/mediboy/vendor/laravel/framework/src/Illuminate/Foundation/Http/Middleware/PreventRequestsDuringMaintenance.php(86): Illuminate\\Pipeline\\Pipeline->Illuminate\\Pipeline\\{closure}(Object(Illuminate\\Http\\Request))
#29 /home/mediboyo/public_html/backend/mediboy/vendor/laravel/framework/src/Illuminate/Pipeline/Pipeline.php(180): Illuminate\\Foundation\\Http\\Middleware\\PreventRequestsDuringMaintenance->handle(Object(Illuminate\\Http\\Request), Object(Closure))
#30 /home/mediboyo/public_html/backend/mediboy/vendor/laravel/framework/src/Illuminate/Http/Middleware/HandleCors.php(49): Illuminate\\Pipeline\\Pipeline->Illuminate\\Pipeline\\{closure}(Object(Illuminate\\Http\\Request))
#31 /home/mediboyo/public_html/backend/mediboy/vendor/laravel/framework/src/Illuminate/Pipeline/Pipeline.php(180): Illuminate\\Http\\Middleware\\HandleCors->handle(Object(Illuminate\\Http\\Request), Object(Closure))
#32 /home/mediboyo/public_html/backend/mediboy/vendor/laravel/framework/src/Illuminate/Http/Middleware/TrustProxies.php(39): Illuminate\\Pipeline\\Pipeline->Illuminate\\Pipeline\\{closure}(Object(Illuminate\\Http\\Request))
#33 /home/mediboyo/public_html/backend/mediboy/vendor/laravel/framework/src/Illuminate/Pipeline/Pipeline.php(180): Illuminate\\Http\\Middleware\\TrustProxies->handle(Object(Illuminate\\Http\\Request), Object(Closure))
#34 /home/mediboyo/public_html/backend/mediboy/vendor/laravel/framework/src/Illuminate/Pipeline/Pipeline.php(116): Illuminate\\Pipeline\\Pipeline->Illuminate\\Pipeline\\{closure}(Object(Illuminate\\Http\\Request))
#35 /home/mediboyo/public_html/backend/mediboy/vendor/laravel/framework/src/Illuminate/Foundation/Http/Kernel.php(165): Illuminate\\Pipeline\\Pipeline->then(Object(Closure))
#36 /home/mediboyo/public_html/backend/mediboy/vendor/laravel/framework/src/Illuminate/Foundation/Http/Kernel.php(134): Illuminate\\Foundation\\Http\\Kernel->sendRequestThroughRouter(Object(Illuminate\\Http\\Request))
#37 /home/mediboyo/public_html/backend/mediboy/public/index.php(52): Illuminate\\Foundation\\Http\\Kernel->handle(Object(Illuminate\\Http\\Request))
#38 {main}
"} 
[2024-09-24 17:46:08] local.ERROR: View [welcome] not found. {"exception":"[object] (InvalidArgumentException(code: 0): View [welcome] not found. at /home/mediboyo/public_html/backend/mediboy/vendor/laravel/framework/src/Illuminate/View/FileViewFinder.php:137)
[stacktrace]
#0 /home/mediboyo/public_html/backend/mediboy/vendor/laravel/framework/src/Illuminate/View/FileViewFinder.php(79): Illuminate\\View\\FileViewFinder->findInPaths('welcome', Array)
#1 /home/mediboyo/public_html/backend/mediboy/vendor/laravel/framework/src/Illuminate/View/Factory.php(138): Illuminate\\View\\FileViewFinder->find('welcome')
#2 /home/mediboyo/public_html/backend/mediboy/vendor/laravel/framework/src/Illuminate/Foundation/helpers.php(1035): Illuminate\\View\\Factory->make('welcome', Array, Array)
#3 laravel-serializable-closure://function () {

    return \\view('welcome');

}(3): view('welcome')
#4 /home/mediboyo/public_html/backend/mediboy/vendor/laravel/framework/src/Illuminate/Routing/CallableDispatcher.php(40): Illuminate\\Routing\\RouteFileRegistrar::{closure}()
#5 /home/mediboyo/public_html/backend/mediboy/vendor/laravel/framework/src/Illuminate/Routing/Route.php(237): Illuminate\\Routing\\CallableDispatcher->dispatch(Object(Illuminate\\Routing\\Route), Object(Closure))
#6 /home/mediboyo/public_html/backend/mediboy/vendor/laravel/framework/src/Illuminate/Routing/Route.php(208): Illuminate\\Routing\\Route->runCallable()
#7 /home/mediboyo/public_html/backend/mediboy/vendor/laravel/framework/src/Illuminate/Routing/Router.php(798): Illuminate\\Routing\\Route->run()
#8 /home/mediboyo/public_html/backend/mediboy/vendor/laravel/framework/src/Illuminate/Pipeline/Pipeline.php(141): Illuminate\\Routing\\Router->Illuminate\\Routing\\{closure}(Object(Illuminate\\Http\\Request))
#9 /home/mediboyo/public_html/backend/mediboy/vendor/laravel/framework/src/Illuminate/Routing/Middleware/SubstituteBindings.php(50): Illuminate\\Pipeline\\Pipeline->Illuminate\\Pipeline\\{closure}(Object(Illuminate\\Http\\Request))
#10 /home/mediboyo/public_html/backend/mediboy/vendor/laravel/framework/src/Illuminate/Pipeline/Pipeline.php(180): Illuminate\\Routing\\Middleware\\SubstituteBindings->handle(Object(Illuminate\\Http\\Request), Object(Closure))
#11 /home/mediboyo/public_html/backend/mediboy/vendor/laravel/framework/src/Illuminate/Foundation/Http/Middleware/VerifyCsrfToken.php(78): Illuminate\\Pipeline\\Pipeline->Illuminate\\Pipeline\\{closure}(Object(Illuminate\\Http\\Request))
#12 /home/mediboyo/public_html/backend/mediboy/vendor/laravel/framework/src/Illuminate/Pipeline/Pipeline.php(180): Illuminate\\Foundation\\Http\\Middleware\\VerifyCsrfToken->handle(Object(Illuminate\\Http\\Request), Object(Closure))
#13 /home/mediboyo/public_html/backend/mediboy/vendor/laravel/framework/src/Illuminate/View/Middleware/ShareErrorsFromSession.php(49): Illuminate\\Pipeline\\Pipeline->Illuminate\\Pipeline\\{closure}(Object(Illuminate\\Http\\Request))
#14 /home/mediboyo/public_html/backend/mediboy/vendor/laravel/framework/src/Illuminate/Pipeline/Pipeline.php(180): Illuminate\\View\\Middleware\\ShareErrorsFromSession->handle(Object(Illuminate\\Http\\Request), Object(Closure))
#15 /home/mediboyo/public_html/backend/mediboy/vendor/laravel/framework/src/Illuminate/Session/Middleware/StartSession.php(121): Illuminate\\Pipeline\\Pipeline->Illuminate\\Pipeline\\{closure}(Object(Illuminate\\Http\\Request))
#16 /home/mediboyo/public_html/backend/mediboy/vendor/laravel/framework/src/Illuminate/Session/Middleware/StartSession.php(64): Illuminate\\Session\\Middleware\\StartSession->handleStatefulRequest(Object(Illuminate\\Http\\Request), Object(Illuminate\\Session\\Store), Object(Closure))
#17 /home/mediboyo/public_html/backend/mediboy/vendor/laravel/framework/src/Illuminate/Pipeline/Pipeline.php(180): Illuminate\\Session\\Middleware\\StartSession->handle(Object(Illuminate\\Http\\Request), Object(Closure))
#18 /home/mediboyo/public_html/backend/mediboy/vendor/laravel/framework/src/Illuminate/Cookie/Middleware/AddQueuedCookiesToResponse.php(37): Illuminate\\Pipeline\\Pipeline->Illuminate\\Pipeline\\{closure}(Object(Illuminate\\Http\\Request))
#19 /home/mediboyo/public_html/backend/mediboy/vendor/laravel/framework/src/Illuminate/Pipeline/Pipeline.php(180): Illuminate\\Cookie\\Middleware\\AddQueuedCookiesToResponse->handle(Object(Illuminate\\Http\\Request), Object(Closure))
#20 /home/mediboyo/public_html/backend/mediboy/vendor/laravel/framework/src/Illuminate/Cookie/Middleware/EncryptCookies.php(67): Illuminate\\Pipeline\\Pipeline->Illuminate\\Pipeline\\{closure}(Object(Illuminate\\Http\\Request))
#21 /home/mediboyo/public_html/backend/mediboy/vendor/laravel/framework/src/Illuminate/Pipeline/Pipeline.php(180): Illuminate\\Cookie\\Middleware\\EncryptCookies->handle(Object(Illuminate\\Http\\Request), Object(Closure))
#22 /home/mediboyo/public_html/backend/mediboy/vendor/laravel/framework/src/Illuminate/Pipeline/Pipeline.php(116): Illuminate\\Pipeline\\Pipeline->Illuminate\\Pipeline\\{closure}(Object(Illuminate\\Http\\Request))
#23 /home/mediboyo/public_html/backend/mediboy/vendor/laravel/framework/src/Illuminate/Routing/Router.php(799): Illuminate\\Pipeline\\Pipeline->then(Object(Closure))
#24 /home/mediboyo/public_html/backend/mediboy/vendor/laravel/framework/src/Illuminate/Routing/Router.php(776): Illuminate\\Routing\\Router->runRouteWithinStack(Object(Illuminate\\Routing\\Route), Object(Illuminate\\Http\\Request))
#25 /home/mediboyo/public_html/backend/mediboy/vendor/laravel/framework/src/Illuminate/Routing/Router.php(740): Illuminate\\Routing\\Router->runRoute(Object(Illuminate\\Http\\Request), Object(Illuminate\\Routing\\Route))
#26 /home/mediboyo/public_html/backend/mediboy/vendor/laravel/framework/src/Illuminate/Routing/Router.php(729): Illuminate\\Routing\\Router->dispatchToRoute(Object(Illuminate\\Http\\Request))
#27 /home/mediboyo/public_html/backend/mediboy/vendor/laravel/framework/src/Illuminate/Foundation/Http/Kernel.php(190): Illuminate\\Routing\\Router->dispatch(Object(Illuminate\\Http\\Request))
#28 /home/mediboyo/public_html/backend/mediboy/vendor/laravel/framework/src/Illuminate/Pipeline/Pipeline.php(141): Illuminate\\Foundation\\Http\\Kernel->Illuminate\\Foundation\\Http\\{closure}(Object(Illuminate\\Http\\Request))
#29 /home/mediboyo/public_html/backend/mediboy/vendor/laravel/framework/src/Illuminate/Foundation/Http/Middleware/TransformsRequest.php(21): Illuminate\\Pipeline\\Pipeline->Illuminate\\Pipeline\\{closure}(Object(Illuminate\\Http\\Request))
#30 /home/mediboyo/public_html/backend/mediboy/vendor/laravel/framework/src/Illuminate/Foundation/Http/Middleware/ConvertEmptyStringsToNull.php(31): Illuminate\\Foundation\\Http\\Middleware\\TransformsRequest->handle(Object(Illuminate\\Http\\Request), Object(Closure))
#31 /home/mediboyo/public_html/backend/mediboy/vendor/laravel/framework/src/Illuminate/Pipeline/Pipeline.php(180): Illuminate\\Foundation\\Http\\Middleware\\ConvertEmptyStringsToNull->handle(Object(Illuminate\\Http\\Request), Object(Closure))
#32 /home/mediboyo/public_html/backend/mediboy/vendor/laravel/framework/src/Illuminate/Foundation/Http/Middleware/TransformsRequest.php(21): Illuminate\\Pipeline\\Pipeline->Illuminate\\Pipeline\\{closure}(Object(Illuminate\\Http\\Request))
#33 /home/mediboyo/public_html/backend/mediboy/vendor/laravel/framework/src/Illuminate/Foundation/Http/Middleware/TrimStrings.php(40): Illuminate\\Foundation\\Http\\Middleware\\TransformsRequest->handle(Object(Illuminate\\Http\\Request), Object(Closure))
#34 /home/mediboyo/public_html/backend/mediboy/vendor/laravel/framework/src/Illuminate/Pipeline/Pipeline.php(180): Illuminate\\Foundation\\Http\\Middleware\\TrimStrings->handle(Object(Illuminate\\Http\\Request), Object(Closure))
#35 /home/mediboyo/public_html/backend/mediboy/vendor/laravel/framework/src/Illuminate/Foundation/Http/Middleware/ValidatePostSize.php(27): Illuminate\\Pipeline\\Pipeline->Illuminate\\Pipeline\\{closure}(Object(Illuminate\\Http\\Request))
#36 /home/mediboyo/public_html/backend/mediboy/vendor/laravel/framework/src/Illuminate/Pipeline/Pipeline.php(180): Illuminate\\Foundation\\Http\\Middleware\\ValidatePostSize->handle(Object(Illuminate\\Http\\Request), Object(Closure))
#37 /home/mediboyo/public_html/backend/mediboy/vendor/laravel/framework/src/Illuminate/Foundation/Http/Middleware/PreventRequestsDuringMaintenance.php(86): Illuminate\\Pipeline\\Pipeline->Illuminate\\Pipeline\\{closure}(Object(Illuminate\\Http\\Request))
#38 /home/mediboyo/public_html/backend/mediboy/vendor/laravel/framework/src/Illuminate/Pipeline/Pipeline.php(180): Illuminate\\Foundation\\Http\\Middleware\\PreventRequestsDuringMaintenance->handle(Object(Illuminate\\Http\\Request), Object(Closure))
#39 /home/mediboyo/public_html/backend/mediboy/vendor/laravel/framework/src/Illuminate/Http/Middleware/HandleCors.php(49): Illuminate\\Pipeline\\Pipeline->Illuminate\\Pipeline\\{closure}(Object(Illuminate\\Http\\Request))
#40 /home/mediboyo/public_html/backend/mediboy/vendor/laravel/framework/src/Illuminate/Pipeline/Pipeline.php(180): Illuminate\\Http\\Middleware\\HandleCors->handle(Object(Illuminate\\Http\\Request), Object(Closure))
#41 /home/mediboyo/public_html/backend/mediboy/vendor/laravel/framework/src/Illuminate/Http/Middleware/TrustProxies.php(39): Illuminate\\Pipeline\\Pipeline->Illuminate\\Pipeline\\{closure}(Object(Illuminate\\Http\\Request))
#42 /home/mediboyo/public_html/backend/mediboy/vendor/laravel/framework/src/Illuminate/Pipeline/Pipeline.php(180): Illuminate\\Http\\Middleware\\TrustProxies->handle(Object(Illuminate\\Http\\Request), Object(Closure))
#43 /home/mediboyo/public_html/backend/mediboy/vendor/laravel/framework/src/Illuminate/Pipeline/Pipeline.php(116): Illuminate\\Pipeline\\Pipeline->Illuminate\\Pipeline\\{closure}(Object(Illuminate\\Http\\Request))
#44 /home/mediboyo/public_html/backend/mediboy/vendor/laravel/framework/src/Illuminate/Foundation/Http/Kernel.php(165): Illuminate\\Pipeline\\Pipeline->then(Object(Closure))
#45 /home/mediboyo/public_html/backend/mediboy/vendor/laravel/framework/src/Illuminate/Foundation/Http/Kernel.php(134): Illuminate\\Foundation\\Http\\Kernel->sendRequestThroughRouter(Object(Illuminate\\Http\\Request))
#46 /home/mediboyo/public_html/backend/mediboy/public/index.php(52): Illuminate\\Foundation\\Http\\Kernel->handle(Object(Illuminate\\Http\\Request))
#47 {main}
"} 
[2024-09-24 17:46:09] local.ERROR: file_put_contents(C:\xampp\htdocs\mediboy\storage\framework/sessions/7PUy7swXkjqaJ0vVqCOyvEksnvoxXE7nPTCBQw6g): Failed to open stream: No such file or directory {"exception":"[object] (ErrorException(code: 0): file_put_contents(C:\\xampp\\htdocs\\mediboy\\storage\\framework/sessions/7PUy7swXkjqaJ0vVqCOyvEksnvoxXE7nPTCBQw6g): Failed to open stream: No such file or directory at /home/mediboyo/public_html/backend/mediboy/vendor/laravel/framework/src/Illuminate/Filesystem/Filesystem.php:190)
[stacktrace]
#0 /home/mediboyo/public_html/backend/mediboy/vendor/laravel/framework/src/Illuminate/Foundation/Bootstrap/HandleExceptions.php(270): Illuminate\\Foundation\\Bootstrap\\HandleExceptions->handleError(2, 'file_put_conten...', '/home/mediboyo/...', 190)
#1 [internal function]: Illuminate\\Foundation\\Bootstrap\\HandleExceptions->Illuminate\\Foundation\\Bootstrap\\{closure}(2, 'file_put_conten...', '/home/mediboyo/...', 190)
#2 /home/mediboyo/public_html/backend/mediboy/vendor/laravel/framework/src/Illuminate/Filesystem/Filesystem.php(190): file_put_contents('C:\\\\xampp\\\\htdocs...', 'a:3:{s:6:\"_toke...', 2)
#3 /home/mediboyo/public_html/backend/mediboy/vendor/laravel/framework/src/Illuminate/Session/FileSessionHandler.php(90): Illuminate\\Filesystem\\Filesystem->put('C:\\\\xampp\\\\htdocs...', 'a:3:{s:6:\"_toke...', true)
#4 /home/mediboyo/public_html/backend/mediboy/vendor/laravel/framework/src/Illuminate/Session/Store.php(173): Illuminate\\Session\\FileSessionHandler->write('7PUy7swXkjqaJ0v...', 'a:3:{s:6:\"_toke...')
#5 /home/mediboyo/public_html/backend/mediboy/vendor/laravel/framework/src/Illuminate/Session/Middleware/StartSession.php(238): Illuminate\\Session\\Store->save()
#6 /home/mediboyo/public_html/backend/mediboy/vendor/laravel/framework/src/Illuminate/Session/Middleware/StartSession.php(130): Illuminate\\Session\\Middleware\\StartSession->saveSession(Object(Illuminate\\Http\\Request))
#7 /home/mediboyo/public_html/backend/mediboy/vendor/laravel/framework/src/Illuminate/Session/Middleware/StartSession.php(64): Illuminate\\Session\\Middleware\\StartSession->handleStatefulRequest(Object(Illuminate\\Http\\Request), Object(Illuminate\\Session\\Store), Object(Closure))
#8 /home/mediboyo/public_html/backend/mediboy/vendor/laravel/framework/src/Illuminate/Pipeline/Pipeline.php(180): Illuminate\\Session\\Middleware\\StartSession->handle(Object(Illuminate\\Http\\Request), Object(Closure))
#9 /home/mediboyo/public_html/backend/mediboy/vendor/laravel/framework/src/Illuminate/Cookie/Middleware/AddQueuedCookiesToResponse.php(37): Illuminate\\Pipeline\\Pipeline->Illuminate\\Pipeline\\{closure}(Object(Illuminate\\Http\\Request))
#10 /home/mediboyo/public_html/backend/mediboy/vendor/laravel/framework/src/Illuminate/Pipeline/Pipeline.php(180): Illuminate\\Cookie\\Middleware\\AddQueuedCookiesToResponse->handle(Object(Illuminate\\Http\\Request), Object(Closure))
#11 /home/mediboyo/public_html/backend/mediboy/vendor/laravel/framework/src/Illuminate/Cookie/Middleware/EncryptCookies.php(67): Illuminate\\Pipeline\\Pipeline->Illuminate\\Pipeline\\{closure}(Object(Illuminate\\Http\\Request))
#12 /home/mediboyo/public_html/backend/mediboy/vendor/laravel/framework/src/Illuminate/Pipeline/Pipeline.php(180): Illuminate\\Cookie\\Middleware\\EncryptCookies->handle(Object(Illuminate\\Http\\Request), Object(Closure))
#13 /home/mediboyo/public_html/backend/mediboy/vendor/laravel/framework/src/Illuminate/Pipeline/Pipeline.php(116): Illuminate\\Pipeline\\Pipeline->Illuminate\\Pipeline\\{closure}(Object(Illuminate\\Http\\Request))
#14 /home/mediboyo/public_html/backend/mediboy/vendor/laravel/framework/src/Illuminate/Routing/Router.php(799): Illuminate\\Pipeline\\Pipeline->then(Object(Closure))
#15 /home/mediboyo/public_html/backend/mediboy/vendor/laravel/framework/src/Illuminate/Routing/Router.php(776): Illuminate\\Routing\\Router->runRouteWithinStack(Object(Illuminate\\Routing\\Route), Object(Illuminate\\Http\\Request))
#16 /home/mediboyo/public_html/backend/mediboy/vendor/laravel/framework/src/Illuminate/Routing/Router.php(740): Illuminate\\Routing\\Router->runRoute(Object(Illuminate\\Http\\Request), Object(Illuminate\\Routing\\Route))
#17 /home/mediboyo/public_html/backend/mediboy/vendor/laravel/framework/src/Illuminate/Routing/Router.php(729): Illuminate\\Routing\\Router->dispatchToRoute(Object(Illuminate\\Http\\Request))
#18 /home/mediboyo/public_html/backend/mediboy/vendor/laravel/framework/src/Illuminate/Foundation/Http/Kernel.php(190): Illuminate\\Routing\\Router->dispatch(Object(Illuminate\\Http\\Request))
#19 /home/mediboyo/public_html/backend/mediboy/vendor/laravel/framework/src/Illuminate/Pipeline/Pipeline.php(141): Illuminate\\Foundation\\Http\\Kernel->Illuminate\\Foundation\\Http\\{closure}(Object(Illuminate\\Http\\Request))
#20 /home/mediboyo/public_html/backend/mediboy/vendor/laravel/framework/src/Illuminate/Foundation/Http/Middleware/TransformsRequest.php(21): Illuminate\\Pipeline\\Pipeline->Illuminate\\Pipeline\\{closure}(Object(Illuminate\\Http\\Request))
#21 /home/mediboyo/public_html/backend/mediboy/vendor/laravel/framework/src/Illuminate/Foundation/Http/Middleware/ConvertEmptyStringsToNull.php(31): Illuminate\\Foundation\\Http\\Middleware\\TransformsRequest->handle(Object(Illuminate\\Http\\Request), Object(Closure))
#22 /home/mediboyo/public_html/backend/mediboy/vendor/laravel/framework/src/Illuminate/Pipeline/Pipeline.php(180): Illuminate\\Foundation\\Http\\Middleware\\ConvertEmptyStringsToNull->handle(Object(Illuminate\\Http\\Request), Object(Closure))
#23 /home/mediboyo/public_html/backend/mediboy/vendor/laravel/framework/src/Illuminate/Foundation/Http/Middleware/TransformsRequest.php(21): Illuminate\\Pipeline\\Pipeline->Illuminate\\Pipeline\\{closure}(Object(Illuminate\\Http\\Request))
#24 /home/mediboyo/public_html/backend/mediboy/vendor/laravel/framework/src/Illuminate/Foundation/Http/Middleware/TrimStrings.php(40): Illuminate\\Foundation\\Http\\Middleware\\TransformsRequest->handle(Object(Illuminate\\Http\\Request), Object(Closure))
#25 /home/mediboyo/public_html/backend/mediboy/vendor/laravel/framework/src/Illuminate/Pipeline/Pipeline.php(180): Illuminate\\Foundation\\Http\\Middleware\\TrimStrings->handle(Object(Illuminate\\Http\\Request), Object(Closure))
#26 /home/mediboyo/public_html/backend/mediboy/vendor/laravel/framework/src/Illuminate/Foundation/Http/Middleware/ValidatePostSize.php(27): Illuminate\\Pipeline\\Pipeline->Illuminate\\Pipeline\\{closure}(Object(Illuminate\\Http\\Request))
#27 /home/mediboyo/public_html/backend/mediboy/vendor/laravel/framework/src/Illuminate/Pipeline/Pipeline.php(180): Illuminate\\Foundation\\Http\\Middleware\\ValidatePostSize->handle(Object(Illuminate\\Http\\Request), Object(Closure))
#28 /home/mediboyo/public_html/backend/mediboy/vendor/laravel/framework/src/Illuminate/Foundation/Http/Middleware/PreventRequestsDuringMaintenance.php(86): Illuminate\\Pipeline\\Pipeline->Illuminate\\Pipeline\\{closure}(Object(Illuminate\\Http\\Request))
#29 /home/mediboyo/public_html/backend/mediboy/vendor/laravel/framework/src/Illuminate/Pipeline/Pipeline.php(180): Illuminate\\Foundation\\Http\\Middleware\\PreventRequestsDuringMaintenance->handle(Object(Illuminate\\Http\\Request), Object(Closure))
#30 /home/mediboyo/public_html/backend/mediboy/vendor/laravel/framework/src/Illuminate/Http/Middleware/HandleCors.php(49): Illuminate\\Pipeline\\Pipeline->Illuminate\\Pipeline\\{closure}(Object(Illuminate\\Http\\Request))
#31 /home/mediboyo/public_html/backend/mediboy/vendor/laravel/framework/src/Illuminate/Pipeline/Pipeline.php(180): Illuminate\\Http\\Middleware\\HandleCors->handle(Object(Illuminate\\Http\\Request), Object(Closure))
#32 /home/mediboyo/public_html/backend/mediboy/vendor/laravel/framework/src/Illuminate/Http/Middleware/TrustProxies.php(39): Illuminate\\Pipeline\\Pipeline->Illuminate\\Pipeline\\{closure}(Object(Illuminate\\Http\\Request))
#33 /home/mediboyo/public_html/backend/mediboy/vendor/laravel/framework/src/Illuminate/Pipeline/Pipeline.php(180): Illuminate\\Http\\Middleware\\TrustProxies->handle(Object(Illuminate\\Http\\Request), Object(Closure))
#34 /home/mediboyo/public_html/backend/mediboy/vendor/laravel/framework/src/Illuminate/Pipeline/Pipeline.php(116): Illuminate\\Pipeline\\Pipeline->Illuminate\\Pipeline\\{closure}(Object(Illuminate\\Http\\Request))
#35 /home/mediboyo/public_html/backend/mediboy/vendor/laravel/framework/src/Illuminate/Foundation/Http/Kernel.php(165): Illuminate\\Pipeline\\Pipeline->then(Object(Closure))
#36 /home/mediboyo/public_html/backend/mediboy/vendor/laravel/framework/src/Illuminate/Foundation/Http/Kernel.php(134): Illuminate\\Foundation\\Http\\Kernel->sendRequestThroughRouter(Object(Illuminate\\Http\\Request))
#37 /home/mediboyo/public_html/backend/mediboy/public/index.php(52): Illuminate\\Foundation\\Http\\Kernel->handle(Object(Illuminate\\Http\\Request))
#38 {main}
"} 
[2024-09-24 17:46:28] local.ERROR: View [welcome] not found. {"exception":"[object] (InvalidArgumentException(code: 0): View [welcome] not found. at /home/mediboyo/public_html/backend/mediboy/vendor/laravel/framework/src/Illuminate/View/FileViewFinder.php:137)
[stacktrace]
#0 /home/mediboyo/public_html/backend/mediboy/vendor/laravel/framework/src/Illuminate/View/FileViewFinder.php(79): Illuminate\\View\\FileViewFinder->findInPaths('welcome', Array)
#1 /home/mediboyo/public_html/backend/mediboy/vendor/laravel/framework/src/Illuminate/View/Factory.php(138): Illuminate\\View\\FileViewFinder->find('welcome')
#2 /home/mediboyo/public_html/backend/mediboy/vendor/laravel/framework/src/Illuminate/Foundation/helpers.php(1035): Illuminate\\View\\Factory->make('welcome', Array, Array)
#3 laravel-serializable-closure://function () {

    return \\view('welcome');

}(3): view('welcome')
#4 /home/mediboyo/public_html/backend/mediboy/vendor/laravel/framework/src/Illuminate/Routing/CallableDispatcher.php(40): Illuminate\\Routing\\RouteFileRegistrar::{closure}()
#5 /home/mediboyo/public_html/backend/mediboy/vendor/laravel/framework/src/Illuminate/Routing/Route.php(237): Illuminate\\Routing\\CallableDispatcher->dispatch(Object(Illuminate\\Routing\\Route), Object(Closure))
#6 /home/mediboyo/public_html/backend/mediboy/vendor/laravel/framework/src/Illuminate/Routing/Route.php(208): Illuminate\\Routing\\Route->runCallable()
#7 /home/mediboyo/public_html/backend/mediboy/vendor/laravel/framework/src/Illuminate/Routing/Router.php(798): Illuminate\\Routing\\Route->run()
#8 /home/mediboyo/public_html/backend/mediboy/vendor/laravel/framework/src/Illuminate/Pipeline/Pipeline.php(141): Illuminate\\Routing\\Router->Illuminate\\Routing\\{closure}(Object(Illuminate\\Http\\Request))
#9 /home/mediboyo/public_html/backend/mediboy/vendor/laravel/framework/src/Illuminate/Routing/Middleware/SubstituteBindings.php(50): Illuminate\\Pipeline\\Pipeline->Illuminate\\Pipeline\\{closure}(Object(Illuminate\\Http\\Request))
#10 /home/mediboyo/public_html/backend/mediboy/vendor/laravel/framework/src/Illuminate/Pipeline/Pipeline.php(180): Illuminate\\Routing\\Middleware\\SubstituteBindings->handle(Object(Illuminate\\Http\\Request), Object(Closure))
#11 /home/mediboyo/public_html/backend/mediboy/vendor/laravel/framework/src/Illuminate/Foundation/Http/Middleware/VerifyCsrfToken.php(78): Illuminate\\Pipeline\\Pipeline->Illuminate\\Pipeline\\{closure}(Object(Illuminate\\Http\\Request))
#12 /home/mediboyo/public_html/backend/mediboy/vendor/laravel/framework/src/Illuminate/Pipeline/Pipeline.php(180): Illuminate\\Foundation\\Http\\Middleware\\VerifyCsrfToken->handle(Object(Illuminate\\Http\\Request), Object(Closure))
#13 /home/mediboyo/public_html/backend/mediboy/vendor/laravel/framework/src/Illuminate/View/Middleware/ShareErrorsFromSession.php(49): Illuminate\\Pipeline\\Pipeline->Illuminate\\Pipeline\\{closure}(Object(Illuminate\\Http\\Request))
#14 /home/mediboyo/public_html/backend/mediboy/vendor/laravel/framework/src/Illuminate/Pipeline/Pipeline.php(180): Illuminate\\View\\Middleware\\ShareErrorsFromSession->handle(Object(Illuminate\\Http\\Request), Object(Closure))
#15 /home/mediboyo/public_html/backend/mediboy/vendor/laravel/framework/src/Illuminate/Session/Middleware/StartSession.php(121): Illuminate\\Pipeline\\Pipeline->Illuminate\\Pipeline\\{closure}(Object(Illuminate\\Http\\Request))
#16 /home/mediboyo/public_html/backend/mediboy/vendor/laravel/framework/src/Illuminate/Session/Middleware/StartSession.php(64): Illuminate\\Session\\Middleware\\StartSession->handleStatefulRequest(Object(Illuminate\\Http\\Request), Object(Illuminate\\Session\\Store), Object(Closure))
#17 /home/mediboyo/public_html/backend/mediboy/vendor/laravel/framework/src/Illuminate/Pipeline/Pipeline.php(180): Illuminate\\Session\\Middleware\\StartSession->handle(Object(Illuminate\\Http\\Request), Object(Closure))
#18 /home/mediboyo/public_html/backend/mediboy/vendor/laravel/framework/src/Illuminate/Cookie/Middleware/AddQueuedCookiesToResponse.php(37): Illuminate\\Pipeline\\Pipeline->Illuminate\\Pipeline\\{closure}(Object(Illuminate\\Http\\Request))
#19 /home/mediboyo/public_html/backend/mediboy/vendor/laravel/framework/src/Illuminate/Pipeline/Pipeline.php(180): Illuminate\\Cookie\\Middleware\\AddQueuedCookiesToResponse->handle(Object(Illuminate\\Http\\Request), Object(Closure))
#20 /home/mediboyo/public_html/backend/mediboy/vendor/laravel/framework/src/Illuminate/Cookie/Middleware/EncryptCookies.php(67): Illuminate\\Pipeline\\Pipeline->Illuminate\\Pipeline\\{closure}(Object(Illuminate\\Http\\Request))
#21 /home/mediboyo/public_html/backend/mediboy/vendor/laravel/framework/src/Illuminate/Pipeline/Pipeline.php(180): Illuminate\\Cookie\\Middleware\\EncryptCookies->handle(Object(Illuminate\\Http\\Request), Object(Closure))
#22 /home/mediboyo/public_html/backend/mediboy/vendor/laravel/framework/src/Illuminate/Pipeline/Pipeline.php(116): Illuminate\\Pipeline\\Pipeline->Illuminate\\Pipeline\\{closure}(Object(Illuminate\\Http\\Request))
#23 /home/mediboyo/public_html/backend/mediboy/vendor/laravel/framework/src/Illuminate/Routing/Router.php(799): Illuminate\\Pipeline\\Pipeline->then(Object(Closure))
#24 /home/mediboyo/public_html/backend/mediboy/vendor/laravel/framework/src/Illuminate/Routing/Router.php(776): Illuminate\\Routing\\Router->runRouteWithinStack(Object(Illuminate\\Routing\\Route), Object(Illuminate\\Http\\Request))
#25 /home/mediboyo/public_html/backend/mediboy/vendor/laravel/framework/src/Illuminate/Routing/Router.php(740): Illuminate\\Routing\\Router->runRoute(Object(Illuminate\\Http\\Request), Object(Illuminate\\Routing\\Route))
#26 /home/mediboyo/public_html/backend/mediboy/vendor/laravel/framework/src/Illuminate/Routing/Router.php(729): Illuminate\\Routing\\Router->dispatchToRoute(Object(Illuminate\\Http\\Request))
#27 /home/mediboyo/public_html/backend/mediboy/vendor/laravel/framework/src/Illuminate/Foundation/Http/Kernel.php(190): Illuminate\\Routing\\Router->dispatch(Object(Illuminate\\Http\\Request))
#28 /home/mediboyo/public_html/backend/mediboy/vendor/laravel/framework/src/Illuminate/Pipeline/Pipeline.php(141): Illuminate\\Foundation\\Http\\Kernel->Illuminate\\Foundation\\Http\\{closure}(Object(Illuminate\\Http\\Request))
#29 /home/mediboyo/public_html/backend/mediboy/vendor/laravel/framework/src/Illuminate/Foundation/Http/Middleware/TransformsRequest.php(21): Illuminate\\Pipeline\\Pipeline->Illuminate\\Pipeline\\{closure}(Object(Illuminate\\Http\\Request))
#30 /home/mediboyo/public_html/backend/mediboy/vendor/laravel/framework/src/Illuminate/Foundation/Http/Middleware/ConvertEmptyStringsToNull.php(31): Illuminate\\Foundation\\Http\\Middleware\\TransformsRequest->handle(Object(Illuminate\\Http\\Request), Object(Closure))
#31 /home/mediboyo/public_html/backend/mediboy/vendor/laravel/framework/src/Illuminate/Pipeline/Pipeline.php(180): Illuminate\\Foundation\\Http\\Middleware\\ConvertEmptyStringsToNull->handle(Object(Illuminate\\Http\\Request), Object(Closure))
#32 /home/mediboyo/public_html/backend/mediboy/vendor/laravel/framework/src/Illuminate/Foundation/Http/Middleware/TransformsRequest.php(21): Illuminate\\Pipeline\\Pipeline->Illuminate\\Pipeline\\{closure}(Object(Illuminate\\Http\\Request))
#33 /home/mediboyo/public_html/backend/mediboy/vendor/laravel/framework/src/Illuminate/Foundation/Http/Middleware/TrimStrings.php(40): Illuminate\\Foundation\\Http\\Middleware\\TransformsRequest->handle(Object(Illuminate\\Http\\Request), Object(Closure))
#34 /home/mediboyo/public_html/backend/mediboy/vendor/laravel/framework/src/Illuminate/Pipeline/Pipeline.php(180): Illuminate\\Foundation\\Http\\Middleware\\TrimStrings->handle(Object(Illuminate\\Http\\Request), Object(Closure))
#35 /home/mediboyo/public_html/backend/mediboy/vendor/laravel/framework/src/Illuminate/Foundation/Http/Middleware/ValidatePostSize.php(27): Illuminate\\Pipeline\\Pipeline->Illuminate\\Pipeline\\{closure}(Object(Illuminate\\Http\\Request))
#36 /home/mediboyo/public_html/backend/mediboy/vendor/laravel/framework/src/Illuminate/Pipeline/Pipeline.php(180): Illuminate\\Foundation\\Http\\Middleware\\ValidatePostSize->handle(Object(Illuminate\\Http\\Request), Object(Closure))
#37 /home/mediboyo/public_html/backend/mediboy/vendor/laravel/framework/src/Illuminate/Foundation/Http/Middleware/PreventRequestsDuringMaintenance.php(86): Illuminate\\Pipeline\\Pipeline->Illuminate\\Pipeline\\{closure}(Object(Illuminate\\Http\\Request))
#38 /home/mediboyo/public_html/backend/mediboy/vendor/laravel/framework/src/Illuminate/Pipeline/Pipeline.php(180): Illuminate\\Foundation\\Http\\Middleware\\PreventRequestsDuringMaintenance->handle(Object(Illuminate\\Http\\Request), Object(Closure))
#39 /home/mediboyo/public_html/backend/mediboy/vendor/laravel/framework/src/Illuminate/Http/Middleware/HandleCors.php(49): Illuminate\\Pipeline\\Pipeline->Illuminate\\Pipeline\\{closure}(Object(Illuminate\\Http\\Request))
#40 /home/mediboyo/public_html/backend/mediboy/vendor/laravel/framework/src/Illuminate/Pipeline/Pipeline.php(180): Illuminate\\Http\\Middleware\\HandleCors->handle(Object(Illuminate\\Http\\Request), Object(Closure))
#41 /home/mediboyo/public_html/backend/mediboy/vendor/laravel/framework/src/Illuminate/Http/Middleware/TrustProxies.php(39): Illuminate\\Pipeline\\Pipeline->Illuminate\\Pipeline\\{closure}(Object(Illuminate\\Http\\Request))
#42 /home/mediboyo/public_html/backend/mediboy/vendor/laravel/framework/src/Illuminate/Pipeline/Pipeline.php(180): Illuminate\\Http\\Middleware\\TrustProxies->handle(Object(Illuminate\\Http\\Request), Object(Closure))
#43 /home/mediboyo/public_html/backend/mediboy/vendor/laravel/framework/src/Illuminate/Pipeline/Pipeline.php(116): Illuminate\\Pipeline\\Pipeline->Illuminate\\Pipeline\\{closure}(Object(Illuminate\\Http\\Request))
#44 /home/mediboyo/public_html/backend/mediboy/vendor/laravel/framework/src/Illuminate/Foundation/Http/Kernel.php(165): Illuminate\\Pipeline\\Pipeline->then(Object(Closure))
#45 /home/mediboyo/public_html/backend/mediboy/vendor/laravel/framework/src/Illuminate/Foundation/Http/Kernel.php(134): Illuminate\\Foundation\\Http\\Kernel->sendRequestThroughRouter(Object(Illuminate\\Http\\Request))
#46 /home/mediboyo/public_html/backend/mediboy/public/index.php(52): Illuminate\\Foundation\\Http\\Kernel->handle(Object(Illuminate\\Http\\Request))
#47 {main}
"} 
[2024-09-24 17:46:28] local.ERROR: file_put_contents(C:\xampp\htdocs\mediboy\storage\framework/sessions/D9nIFYNUD1HtH7BzJSbDmkA0h5BjQRLT8ezn8XPo): Failed to open stream: No such file or directory {"exception":"[object] (ErrorException(code: 0): file_put_contents(C:\\xampp\\htdocs\\mediboy\\storage\\framework/sessions/D9nIFYNUD1HtH7BzJSbDmkA0h5BjQRLT8ezn8XPo): Failed to open stream: No such file or directory at /home/mediboyo/public_html/backend/mediboy/vendor/laravel/framework/src/Illuminate/Filesystem/Filesystem.php:190)
[stacktrace]
#0 /home/mediboyo/public_html/backend/mediboy/vendor/laravel/framework/src/Illuminate/Foundation/Bootstrap/HandleExceptions.php(270): Illuminate\\Foundation\\Bootstrap\\HandleExceptions->handleError(2, 'file_put_conten...', '/home/mediboyo/...', 190)
#1 [internal function]: Illuminate\\Foundation\\Bootstrap\\HandleExceptions->Illuminate\\Foundation\\Bootstrap\\{closure}(2, 'file_put_conten...', '/home/mediboyo/...', 190)
#2 /home/mediboyo/public_html/backend/mediboy/vendor/laravel/framework/src/Illuminate/Filesystem/Filesystem.php(190): file_put_contents('C:\\\\xampp\\\\htdocs...', 'a:3:{s:6:\"_toke...', 2)
#3 /home/mediboyo/public_html/backend/mediboy/vendor/laravel/framework/src/Illuminate/Session/FileSessionHandler.php(90): Illuminate\\Filesystem\\Filesystem->put('C:\\\\xampp\\\\htdocs...', 'a:3:{s:6:\"_toke...', true)
#4 /home/mediboyo/public_html/backend/mediboy/vendor/laravel/framework/src/Illuminate/Session/Store.php(173): Illuminate\\Session\\FileSessionHandler->write('D9nIFYNUD1HtH7B...', 'a:3:{s:6:\"_toke...')
#5 /home/mediboyo/public_html/backend/mediboy/vendor/laravel/framework/src/Illuminate/Session/Middleware/StartSession.php(238): Illuminate\\Session\\Store->save()
#6 /home/mediboyo/public_html/backend/mediboy/vendor/laravel/framework/src/Illuminate/Session/Middleware/StartSession.php(130): Illuminate\\Session\\Middleware\\StartSession->saveSession(Object(Illuminate\\Http\\Request))
#7 /home/mediboyo/public_html/backend/mediboy/vendor/laravel/framework/src/Illuminate/Session/Middleware/StartSession.php(64): Illuminate\\Session\\Middleware\\StartSession->handleStatefulRequest(Object(Illuminate\\Http\\Request), Object(Illuminate\\Session\\Store), Object(Closure))
#8 /home/mediboyo/public_html/backend/mediboy/vendor/laravel/framework/src/Illuminate/Pipeline/Pipeline.php(180): Illuminate\\Session\\Middleware\\StartSession->handle(Object(Illuminate\\Http\\Request), Object(Closure))
#9 /home/mediboyo/public_html/backend/mediboy/vendor/laravel/framework/src/Illuminate/Cookie/Middleware/AddQueuedCookiesToResponse.php(37): Illuminate\\Pipeline\\Pipeline->Illuminate\\Pipeline\\{closure}(Object(Illuminate\\Http\\Request))
#10 /home/mediboyo/public_html/backend/mediboy/vendor/laravel/framework/src/Illuminate/Pipeline/Pipeline.php(180): Illuminate\\Cookie\\Middleware\\AddQueuedCookiesToResponse->handle(Object(Illuminate\\Http\\Request), Object(Closure))
#11 /home/mediboyo/public_html/backend/mediboy/vendor/laravel/framework/src/Illuminate/Cookie/Middleware/EncryptCookies.php(67): Illuminate\\Pipeline\\Pipeline->Illuminate\\Pipeline\\{closure}(Object(Illuminate\\Http\\Request))
#12 /home/mediboyo/public_html/backend/mediboy/vendor/laravel/framework/src/Illuminate/Pipeline/Pipeline.php(180): Illuminate\\Cookie\\Middleware\\EncryptCookies->handle(Object(Illuminate\\Http\\Request), Object(Closure))
#13 /home/mediboyo/public_html/backend/mediboy/vendor/laravel/framework/src/Illuminate/Pipeline/Pipeline.php(116): Illuminate\\Pipeline\\Pipeline->Illuminate\\Pipeline\\{closure}(Object(Illuminate\\Http\\Request))
#14 /home/mediboyo/public_html/backend/mediboy/vendor/laravel/framework/src/Illuminate/Routing/Router.php(799): Illuminate\\Pipeline\\Pipeline->then(Object(Closure))
#15 /home/mediboyo/public_html/backend/mediboy/vendor/laravel/framework/src/Illuminate/Routing/Router.php(776): Illuminate\\Routing\\Router->runRouteWithinStack(Object(Illuminate\\Routing\\Route), Object(Illuminate\\Http\\Request))
#16 /home/mediboyo/public_html/backend/mediboy/vendor/laravel/framework/src/Illuminate/Routing/Router.php(740): Illuminate\\Routing\\Router->runRoute(Object(Illuminate\\Http\\Request), Object(Illuminate\\Routing\\Route))
#17 /home/mediboyo/public_html/backend/mediboy/vendor/laravel/framework/src/Illuminate/Routing/Router.php(729): Illuminate\\Routing\\Router->dispatchToRoute(Object(Illuminate\\Http\\Request))
#18 /home/mediboyo/public_html/backend/mediboy/vendor/laravel/framework/src/Illuminate/Foundation/Http/Kernel.php(190): Illuminate\\Routing\\Router->dispatch(Object(Illuminate\\Http\\Request))
#19 /home/mediboyo/public_html/backend/mediboy/vendor/laravel/framework/src/Illuminate/Pipeline/Pipeline.php(141): Illuminate\\Foundation\\Http\\Kernel->Illuminate\\Foundation\\Http\\{closure}(Object(Illuminate\\Http\\Request))
#20 /home/mediboyo/public_html/backend/mediboy/vendor/laravel/framework/src/Illuminate/Foundation/Http/Middleware/TransformsRequest.php(21): Illuminate\\Pipeline\\Pipeline->Illuminate\\Pipeline\\{closure}(Object(Illuminate\\Http\\Request))
#21 /home/mediboyo/public_html/backend/mediboy/vendor/laravel/framework/src/Illuminate/Foundation/Http/Middleware/ConvertEmptyStringsToNull.php(31): Illuminate\\Foundation\\Http\\Middleware\\TransformsRequest->handle(Object(Illuminate\\Http\\Request), Object(Closure))
#22 /home/mediboyo/public_html/backend/mediboy/vendor/laravel/framework/src/Illuminate/Pipeline/Pipeline.php(180): Illuminate\\Foundation\\Http\\Middleware\\ConvertEmptyStringsToNull->handle(Object(Illuminate\\Http\\Request), Object(Closure))
#23 /home/mediboyo/public_html/backend/mediboy/vendor/laravel/framework/src/Illuminate/Foundation/Http/Middleware/TransformsRequest.php(21): Illuminate\\Pipeline\\Pipeline->Illuminate\\Pipeline\\{closure}(Object(Illuminate\\Http\\Request))
#24 /home/mediboyo/public_html/backend/mediboy/vendor/laravel/framework/src/Illuminate/Foundation/Http/Middleware/TrimStrings.php(40): Illuminate\\Foundation\\Http\\Middleware\\TransformsRequest->handle(Object(Illuminate\\Http\\Request), Object(Closure))
#25 /home/mediboyo/public_html/backend/mediboy/vendor/laravel/framework/src/Illuminate/Pipeline/Pipeline.php(180): Illuminate\\Foundation\\Http\\Middleware\\TrimStrings->handle(Object(Illuminate\\Http\\Request), Object(Closure))
#26 /home/mediboyo/public_html/backend/mediboy/vendor/laravel/framework/src/Illuminate/Foundation/Http/Middleware/ValidatePostSize.php(27): Illuminate\\Pipeline\\Pipeline->Illuminate\\Pipeline\\{closure}(Object(Illuminate\\Http\\Request))
#27 /home/mediboyo/public_html/backend/mediboy/vendor/laravel/framework/src/Illuminate/Pipeline/Pipeline.php(180): Illuminate\\Foundation\\Http\\Middleware\\ValidatePostSize->handle(Object(Illuminate\\Http\\Request), Object(Closure))
#28 /home/mediboyo/public_html/backend/mediboy/vendor/laravel/framework/src/Illuminate/Foundation/Http/Middleware/PreventRequestsDuringMaintenance.php(86): Illuminate\\Pipeline\\Pipeline->Illuminate\\Pipeline\\{closure}(Object(Illuminate\\Http\\Request))
#29 /home/mediboyo/public_html/backend/mediboy/vendor/laravel/framework/src/Illuminate/Pipeline/Pipeline.php(180): Illuminate\\Foundation\\Http\\Middleware\\PreventRequestsDuringMaintenance->handle(Object(Illuminate\\Http\\Request), Object(Closure))
#30 /home/mediboyo/public_html/backend/mediboy/vendor/laravel/framework/src/Illuminate/Http/Middleware/HandleCors.php(49): Illuminate\\Pipeline\\Pipeline->Illuminate\\Pipeline\\{closure}(Object(Illuminate\\Http\\Request))
#31 /home/mediboyo/public_html/backend/mediboy/vendor/laravel/framework/src/Illuminate/Pipeline/Pipeline.php(180): Illuminate\\Http\\Middleware\\HandleCors->handle(Object(Illuminate\\Http\\Request), Object(Closure))
#32 /home/mediboyo/public_html/backend/mediboy/vendor/laravel/framework/src/Illuminate/Http/Middleware/TrustProxies.php(39): Illuminate\\Pipeline\\Pipeline->Illuminate\\Pipeline\\{closure}(Object(Illuminate\\Http\\Request))
#33 /home/mediboyo/public_html/backend/mediboy/vendor/laravel/framework/src/Illuminate/Pipeline/Pipeline.php(180): Illuminate\\Http\\Middleware\\TrustProxies->handle(Object(Illuminate\\Http\\Request), Object(Closure))
#34 /home/mediboyo/public_html/backend/mediboy/vendor/laravel/framework/src/Illuminate/Pipeline/Pipeline.php(116): Illuminate\\Pipeline\\Pipeline->Illuminate\\Pipeline\\{closure}(Object(Illuminate\\Http\\Request))
#35 /home/mediboyo/public_html/backend/mediboy/vendor/laravel/framework/src/Illuminate/Foundation/Http/Kernel.php(165): Illuminate\\Pipeline\\Pipeline->then(Object(Closure))
#36 /home/mediboyo/public_html/backend/mediboy/vendor/laravel/framework/src/Illuminate/Foundation/Http/Kernel.php(134): Illuminate\\Foundation\\Http\\Kernel->sendRequestThroughRouter(Object(Illuminate\\Http\\Request))
#37 /home/mediboyo/public_html/backend/mediboy/public/index.php(52): Illuminate\\Foundation\\Http\\Kernel->handle(Object(Illuminate\\Http\\Request))
#38 {main}
"} 
[2024-09-24 17:47:20] local.ERROR: View [welcome] not found. {"exception":"[object] (InvalidArgumentException(code: 0): View [welcome] not found. at /home/mediboyo/public_html/backend/mediboy/vendor/laravel/framework/src/Illuminate/View/FileViewFinder.php:137)
[stacktrace]
#0 /home/mediboyo/public_html/backend/mediboy/vendor/laravel/framework/src/Illuminate/View/FileViewFinder.php(79): Illuminate\\View\\FileViewFinder->findInPaths('welcome', Array)
#1 /home/mediboyo/public_html/backend/mediboy/vendor/laravel/framework/src/Illuminate/View/Factory.php(138): Illuminate\\View\\FileViewFinder->find('welcome')
#2 /home/mediboyo/public_html/backend/mediboy/vendor/laravel/framework/src/Illuminate/Foundation/helpers.php(1035): Illuminate\\View\\Factory->make('welcome', Array, Array)
#3 laravel-serializable-closure://function () {

    return \\view('welcome');

}(3): view('welcome')
#4 /home/mediboyo/public_html/backend/mediboy/vendor/laravel/framework/src/Illuminate/Routing/CallableDispatcher.php(40): Illuminate\\Routing\\RouteFileRegistrar::{closure}()
#5 /home/mediboyo/public_html/backend/mediboy/vendor/laravel/framework/src/Illuminate/Routing/Route.php(237): Illuminate\\Routing\\CallableDispatcher->dispatch(Object(Illuminate\\Routing\\Route), Object(Closure))
#6 /home/mediboyo/public_html/backend/mediboy/vendor/laravel/framework/src/Illuminate/Routing/Route.php(208): Illuminate\\Routing\\Route->runCallable()
#7 /home/mediboyo/public_html/backend/mediboy/vendor/laravel/framework/src/Illuminate/Routing/Router.php(798): Illuminate\\Routing\\Route->run()
#8 /home/mediboyo/public_html/backend/mediboy/vendor/laravel/framework/src/Illuminate/Pipeline/Pipeline.php(141): Illuminate\\Routing\\Router->Illuminate\\Routing\\{closure}(Object(Illuminate\\Http\\Request))
#9 /home/mediboyo/public_html/backend/mediboy/vendor/laravel/framework/src/Illuminate/Routing/Middleware/SubstituteBindings.php(50): Illuminate\\Pipeline\\Pipeline->Illuminate\\Pipeline\\{closure}(Object(Illuminate\\Http\\Request))
#10 /home/mediboyo/public_html/backend/mediboy/vendor/laravel/framework/src/Illuminate/Pipeline/Pipeline.php(180): Illuminate\\Routing\\Middleware\\SubstituteBindings->handle(Object(Illuminate\\Http\\Request), Object(Closure))
#11 /home/mediboyo/public_html/backend/mediboy/vendor/laravel/framework/src/Illuminate/Foundation/Http/Middleware/VerifyCsrfToken.php(78): Illuminate\\Pipeline\\Pipeline->Illuminate\\Pipeline\\{closure}(Object(Illuminate\\Http\\Request))
#12 /home/mediboyo/public_html/backend/mediboy/vendor/laravel/framework/src/Illuminate/Pipeline/Pipeline.php(180): Illuminate\\Foundation\\Http\\Middleware\\VerifyCsrfToken->handle(Object(Illuminate\\Http\\Request), Object(Closure))
#13 /home/mediboyo/public_html/backend/mediboy/vendor/laravel/framework/src/Illuminate/View/Middleware/ShareErrorsFromSession.php(49): Illuminate\\Pipeline\\Pipeline->Illuminate\\Pipeline\\{closure}(Object(Illuminate\\Http\\Request))
#14 /home/mediboyo/public_html/backend/mediboy/vendor/laravel/framework/src/Illuminate/Pipeline/Pipeline.php(180): Illuminate\\View\\Middleware\\ShareErrorsFromSession->handle(Object(Illuminate\\Http\\Request), Object(Closure))
#15 /home/mediboyo/public_html/backend/mediboy/vendor/laravel/framework/src/Illuminate/Session/Middleware/StartSession.php(121): Illuminate\\Pipeline\\Pipeline->Illuminate\\Pipeline\\{closure}(Object(Illuminate\\Http\\Request))
#16 /home/mediboyo/public_html/backend/mediboy/vendor/laravel/framework/src/Illuminate/Session/Middleware/StartSession.php(64): Illuminate\\Session\\Middleware\\StartSession->handleStatefulRequest(Object(Illuminate\\Http\\Request), Object(Illuminate\\Session\\Store), Object(Closure))
#17 /home/mediboyo/public_html/backend/mediboy/vendor/laravel/framework/src/Illuminate/Pipeline/Pipeline.php(180): Illuminate\\Session\\Middleware\\StartSession->handle(Object(Illuminate\\Http\\Request), Object(Closure))
#18 /home/mediboyo/public_html/backend/mediboy/vendor/laravel/framework/src/Illuminate/Cookie/Middleware/AddQueuedCookiesToResponse.php(37): Illuminate\\Pipeline\\Pipeline->Illuminate\\Pipeline\\{closure}(Object(Illuminate\\Http\\Request))
#19 /home/mediboyo/public_html/backend/mediboy/vendor/laravel/framework/src/Illuminate/Pipeline/Pipeline.php(180): Illuminate\\Cookie\\Middleware\\AddQueuedCookiesToResponse->handle(Object(Illuminate\\Http\\Request), Object(Closure))
#20 /home/mediboyo/public_html/backend/mediboy/vendor/laravel/framework/src/Illuminate/Cookie/Middleware/EncryptCookies.php(67): Illuminate\\Pipeline\\Pipeline->Illuminate\\Pipeline\\{closure}(Object(Illuminate\\Http\\Request))
#21 /home/mediboyo/public_html/backend/mediboy/vendor/laravel/framework/src/Illuminate/Pipeline/Pipeline.php(180): Illuminate\\Cookie\\Middleware\\EncryptCookies->handle(Object(Illuminate\\Http\\Request), Object(Closure))
#22 /home/mediboyo/public_html/backend/mediboy/vendor/laravel/framework/src/Illuminate/Pipeline/Pipeline.php(116): Illuminate\\Pipeline\\Pipeline->Illuminate\\Pipeline\\{closure}(Object(Illuminate\\Http\\Request))
#23 /home/mediboyo/public_html/backend/mediboy/vendor/laravel/framework/src/Illuminate/Routing/Router.php(799): Illuminate\\Pipeline\\Pipeline->then(Object(Closure))
#24 /home/mediboyo/public_html/backend/mediboy/vendor/laravel/framework/src/Illuminate/Routing/Router.php(776): Illuminate\\Routing\\Router->runRouteWithinStack(Object(Illuminate\\Routing\\Route), Object(Illuminate\\Http\\Request))
#25 /home/mediboyo/public_html/backend/mediboy/vendor/laravel/framework/src/Illuminate/Routing/Router.php(740): Illuminate\\Routing\\Router->runRoute(Object(Illuminate\\Http\\Request), Object(Illuminate\\Routing\\Route))
#26 /home/mediboyo/public_html/backend/mediboy/vendor/laravel/framework/src/Illuminate/Routing/Router.php(729): Illuminate\\Routing\\Router->dispatchToRoute(Object(Illuminate\\Http\\Request))
#27 /home/mediboyo/public_html/backend/mediboy/vendor/laravel/framework/src/Illuminate/Foundation/Http/Kernel.php(190): Illuminate\\Routing\\Router->dispatch(Object(Illuminate\\Http\\Request))
#28 /home/mediboyo/public_html/backend/mediboy/vendor/laravel/framework/src/Illuminate/Pipeline/Pipeline.php(141): Illuminate\\Foundation\\Http\\Kernel->Illuminate\\Foundation\\Http\\{closure}(Object(Illuminate\\Http\\Request))
#29 /home/mediboyo/public_html/backend/mediboy/vendor/laravel/framework/src/Illuminate/Foundation/Http/Middleware/TransformsRequest.php(21): Illuminate\\Pipeline\\Pipeline->Illuminate\\Pipeline\\{closure}(Object(Illuminate\\Http\\Request))
#30 /home/mediboyo/public_html/backend/mediboy/vendor/laravel/framework/src/Illuminate/Foundation/Http/Middleware/ConvertEmptyStringsToNull.php(31): Illuminate\\Foundation\\Http\\Middleware\\TransformsRequest->handle(Object(Illuminate\\Http\\Request), Object(Closure))
#31 /home/mediboyo/public_html/backend/mediboy/vendor/laravel/framework/src/Illuminate/Pipeline/Pipeline.php(180): Illuminate\\Foundation\\Http\\Middleware\\ConvertEmptyStringsToNull->handle(Object(Illuminate\\Http\\Request), Object(Closure))
#32 /home/mediboyo/public_html/backend/mediboy/vendor/laravel/framework/src/Illuminate/Foundation/Http/Middleware/TransformsRequest.php(21): Illuminate\\Pipeline\\Pipeline->Illuminate\\Pipeline\\{closure}(Object(Illuminate\\Http\\Request))
#33 /home/mediboyo/public_html/backend/mediboy/vendor/laravel/framework/src/Illuminate/Foundation/Http/Middleware/TrimStrings.php(40): Illuminate\\Foundation\\Http\\Middleware\\TransformsRequest->handle(Object(Illuminate\\Http\\Request), Object(Closure))
#34 /home/mediboyo/public_html/backend/mediboy/vendor/laravel/framework/src/Illuminate/Pipeline/Pipeline.php(180): Illuminate\\Foundation\\Http\\Middleware\\TrimStrings->handle(Object(Illuminate\\Http\\Request), Object(Closure))
#35 /home/mediboyo/public_html/backend/mediboy/vendor/laravel/framework/src/Illuminate/Foundation/Http/Middleware/ValidatePostSize.php(27): Illuminate\\Pipeline\\Pipeline->Illuminate\\Pipeline\\{closure}(Object(Illuminate\\Http\\Request))
#36 /home/mediboyo/public_html/backend/mediboy/vendor/laravel/framework/src/Illuminate/Pipeline/Pipeline.php(180): Illuminate\\Foundation\\Http\\Middleware\\ValidatePostSize->handle(Object(Illuminate\\Http\\Request), Object(Closure))
#37 /home/mediboyo/public_html/backend/mediboy/vendor/laravel/framework/src/Illuminate/Foundation/Http/Middleware/PreventRequestsDuringMaintenance.php(86): Illuminate\\Pipeline\\Pipeline->Illuminate\\Pipeline\\{closure}(Object(Illuminate\\Http\\Request))
#38 /home/mediboyo/public_html/backend/mediboy/vendor/laravel/framework/src/Illuminate/Pipeline/Pipeline.php(180): Illuminate\\Foundation\\Http\\Middleware\\PreventRequestsDuringMaintenance->handle(Object(Illuminate\\Http\\Request), Object(Closure))
#39 /home/mediboyo/public_html/backend/mediboy/vendor/laravel/framework/src/Illuminate/Http/Middleware/HandleCors.php(49): Illuminate\\Pipeline\\Pipeline->Illuminate\\Pipeline\\{closure}(Object(Illuminate\\Http\\Request))
#40 /home/mediboyo/public_html/backend/mediboy/vendor/laravel/framework/src/Illuminate/Pipeline/Pipeline.php(180): Illuminate\\Http\\Middleware\\HandleCors->handle(Object(Illuminate\\Http\\Request), Object(Closure))
#41 /home/mediboyo/public_html/backend/mediboy/vendor/laravel/framework/src/Illuminate/Http/Middleware/TrustProxies.php(39): Illuminate\\Pipeline\\Pipeline->Illuminate\\Pipeline\\{closure}(Object(Illuminate\\Http\\Request))
#42 /home/mediboyo/public_html/backend/mediboy/vendor/laravel/framework/src/Illuminate/Pipeline/Pipeline.php(180): Illuminate\\Http\\Middleware\\TrustProxies->handle(Object(Illuminate\\Http\\Request), Object(Closure))
#43 /home/mediboyo/public_html/backend/mediboy/vendor/laravel/framework/src/Illuminate/Pipeline/Pipeline.php(116): Illuminate\\Pipeline\\Pipeline->Illuminate\\Pipeline\\{closure}(Object(Illuminate\\Http\\Request))
#44 /home/mediboyo/public_html/backend/mediboy/vendor/laravel/framework/src/Illuminate/Foundation/Http/Kernel.php(165): Illuminate\\Pipeline\\Pipeline->then(Object(Closure))
#45 /home/mediboyo/public_html/backend/mediboy/vendor/laravel/framework/src/Illuminate/Foundation/Http/Kernel.php(134): Illuminate\\Foundation\\Http\\Kernel->sendRequestThroughRouter(Object(Illuminate\\Http\\Request))
#46 /home/mediboyo/public_html/backend/mediboy/public/index.php(52): Illuminate\\Foundation\\Http\\Kernel->handle(Object(Illuminate\\Http\\Request))
#47 {main}
"} 
[2024-09-24 17:47:20] local.ERROR: file_put_contents(C:\xampp\htdocs\mediboy\storage\framework/sessions/4P6sTYFMy5u59kn3CdNBuMBnf9IrejRLzUBBy79e): Failed to open stream: No such file or directory {"exception":"[object] (ErrorException(code: 0): file_put_contents(C:\\xampp\\htdocs\\mediboy\\storage\\framework/sessions/4P6sTYFMy5u59kn3CdNBuMBnf9IrejRLzUBBy79e): Failed to open stream: No such file or directory at /home/mediboyo/public_html/backend/mediboy/vendor/laravel/framework/src/Illuminate/Filesystem/Filesystem.php:190)
[stacktrace]
#0 /home/mediboyo/public_html/backend/mediboy/vendor/laravel/framework/src/Illuminate/Foundation/Bootstrap/HandleExceptions.php(270): Illuminate\\Foundation\\Bootstrap\\HandleExceptions->handleError(2, 'file_put_conten...', '/home/mediboyo/...', 190)
#1 [internal function]: Illuminate\\Foundation\\Bootstrap\\HandleExceptions->Illuminate\\Foundation\\Bootstrap\\{closure}(2, 'file_put_conten...', '/home/mediboyo/...', 190)
#2 /home/mediboyo/public_html/backend/mediboy/vendor/laravel/framework/src/Illuminate/Filesystem/Filesystem.php(190): file_put_contents('C:\\\\xampp\\\\htdocs...', 'a:3:{s:6:\"_toke...', 2)
#3 /home/mediboyo/public_html/backend/mediboy/vendor/laravel/framework/src/Illuminate/Session/FileSessionHandler.php(90): Illuminate\\Filesystem\\Filesystem->put('C:\\\\xampp\\\\htdocs...', 'a:3:{s:6:\"_toke...', true)
#4 /home/mediboyo/public_html/backend/mediboy/vendor/laravel/framework/src/Illuminate/Session/Store.php(173): Illuminate\\Session\\FileSessionHandler->write('4P6sTYFMy5u59kn...', 'a:3:{s:6:\"_toke...')
#5 /home/mediboyo/public_html/backend/mediboy/vendor/laravel/framework/src/Illuminate/Session/Middleware/StartSession.php(238): Illuminate\\Session\\Store->save()
#6 /home/mediboyo/public_html/backend/mediboy/vendor/laravel/framework/src/Illuminate/Session/Middleware/StartSession.php(130): Illuminate\\Session\\Middleware\\StartSession->saveSession(Object(Illuminate\\Http\\Request))
#7 /home/mediboyo/public_html/backend/mediboy/vendor/laravel/framework/src/Illuminate/Session/Middleware/StartSession.php(64): Illuminate\\Session\\Middleware\\StartSession->handleStatefulRequest(Object(Illuminate\\Http\\Request), Object(Illuminate\\Session\\Store), Object(Closure))
#8 /home/mediboyo/public_html/backend/mediboy/vendor/laravel/framework/src/Illuminate/Pipeline/Pipeline.php(180): Illuminate\\Session\\Middleware\\StartSession->handle(Object(Illuminate\\Http\\Request), Object(Closure))
#9 /home/mediboyo/public_html/backend/mediboy/vendor/laravel/framework/src/Illuminate/Cookie/Middleware/AddQueuedCookiesToResponse.php(37): Illuminate\\Pipeline\\Pipeline->Illuminate\\Pipeline\\{closure}(Object(Illuminate\\Http\\Request))
#10 /home/mediboyo/public_html/backend/mediboy/vendor/laravel/framework/src/Illuminate/Pipeline/Pipeline.php(180): Illuminate\\Cookie\\Middleware\\AddQueuedCookiesToResponse->handle(Object(Illuminate\\Http\\Request), Object(Closure))
#11 /home/mediboyo/public_html/backend/mediboy/vendor/laravel/framework/src/Illuminate/Cookie/Middleware/EncryptCookies.php(67): Illuminate\\Pipeline\\Pipeline->Illuminate\\Pipeline\\{closure}(Object(Illuminate\\Http\\Request))
#12 /home/mediboyo/public_html/backend/mediboy/vendor/laravel/framework/src/Illuminate/Pipeline/Pipeline.php(180): Illuminate\\Cookie\\Middleware\\EncryptCookies->handle(Object(Illuminate\\Http\\Request), Object(Closure))
#13 /home/mediboyo/public_html/backend/mediboy/vendor/laravel/framework/src/Illuminate/Pipeline/Pipeline.php(116): Illuminate\\Pipeline\\Pipeline->Illuminate\\Pipeline\\{closure}(Object(Illuminate\\Http\\Request))
#14 /home/mediboyo/public_html/backend/mediboy/vendor/laravel/framework/src/Illuminate/Routing/Router.php(799): Illuminate\\Pipeline\\Pipeline->then(Object(Closure))
#15 /home/mediboyo/public_html/backend/mediboy/vendor/laravel/framework/src/Illuminate/Routing/Router.php(776): Illuminate\\Routing\\Router->runRouteWithinStack(Object(Illuminate\\Routing\\Route), Object(Illuminate\\Http\\Request))
#16 /home/mediboyo/public_html/backend/mediboy/vendor/laravel/framework/src/Illuminate/Routing/Router.php(740): Illuminate\\Routing\\Router->runRoute(Object(Illuminate\\Http\\Request), Object(Illuminate\\Routing\\Route))
#17 /home/mediboyo/public_html/backend/mediboy/vendor/laravel/framework/src/Illuminate/Routing/Router.php(729): Illuminate\\Routing\\Router->dispatchToRoute(Object(Illuminate\\Http\\Request))
#18 /home/mediboyo/public_html/backend/mediboy/vendor/laravel/framework/src/Illuminate/Foundation/Http/Kernel.php(190): Illuminate\\Routing\\Router->dispatch(Object(Illuminate\\Http\\Request))
#19 /home/mediboyo/public_html/backend/mediboy/vendor/laravel/framework/src/Illuminate/Pipeline/Pipeline.php(141): Illuminate\\Foundation\\Http\\Kernel->Illuminate\\Foundation\\Http\\{closure}(Object(Illuminate\\Http\\Request))
#20 /home/mediboyo/public_html/backend/mediboy/vendor/laravel/framework/src/Illuminate/Foundation/Http/Middleware/TransformsRequest.php(21): Illuminate\\Pipeline\\Pipeline->Illuminate\\Pipeline\\{closure}(Object(Illuminate\\Http\\Request))
#21 /home/mediboyo/public_html/backend/mediboy/vendor/laravel/framework/src/Illuminate/Foundation/Http/Middleware/ConvertEmptyStringsToNull.php(31): Illuminate\\Foundation\\Http\\Middleware\\TransformsRequest->handle(Object(Illuminate\\Http\\Request), Object(Closure))
#22 /home/mediboyo/public_html/backend/mediboy/vendor/laravel/framework/src/Illuminate/Pipeline/Pipeline.php(180): Illuminate\\Foundation\\Http\\Middleware\\ConvertEmptyStringsToNull->handle(Object(Illuminate\\Http\\Request), Object(Closure))
#23 /home/mediboyo/public_html/backend/mediboy/vendor/laravel/framework/src/Illuminate/Foundation/Http/Middleware/TransformsRequest.php(21): Illuminate\\Pipeline\\Pipeline->Illuminate\\Pipeline\\{closure}(Object(Illuminate\\Http\\Request))
#24 /home/mediboyo/public_html/backend/mediboy/vendor/laravel/framework/src/Illuminate/Foundation/Http/Middleware/TrimStrings.php(40): Illuminate\\Foundation\\Http\\Middleware\\TransformsRequest->handle(Object(Illuminate\\Http\\Request), Object(Closure))
#25 /home/mediboyo/public_html/backend/mediboy/vendor/laravel/framework/src/Illuminate/Pipeline/Pipeline.php(180): Illuminate\\Foundation\\Http\\Middleware\\TrimStrings->handle(Object(Illuminate\\Http\\Request), Object(Closure))
#26 /home/mediboyo/public_html/backend/mediboy/vendor/laravel/framework/src/Illuminate/Foundation/Http/Middleware/ValidatePostSize.php(27): Illuminate\\Pipeline\\Pipeline->Illuminate\\Pipeline\\{closure}(Object(Illuminate\\Http\\Request))
#27 /home/mediboyo/public_html/backend/mediboy/vendor/laravel/framework/src/Illuminate/Pipeline/Pipeline.php(180): Illuminate\\Foundation\\Http\\Middleware\\ValidatePostSize->handle(Object(Illuminate\\Http\\Request), Object(Closure))
#28 /home/mediboyo/public_html/backend/mediboy/vendor/laravel/framework/src/Illuminate/Foundation/Http/Middleware/PreventRequestsDuringMaintenance.php(86): Illuminate\\Pipeline\\Pipeline->Illuminate\\Pipeline\\{closure}(Object(Illuminate\\Http\\Request))
#29 /home/mediboyo/public_html/backend/mediboy/vendor/laravel/framework/src/Illuminate/Pipeline/Pipeline.php(180): Illuminate\\Foundation\\Http\\Middleware\\PreventRequestsDuringMaintenance->handle(Object(Illuminate\\Http\\Request), Object(Closure))
#30 /home/mediboyo/public_html/backend/mediboy/vendor/laravel/framework/src/Illuminate/Http/Middleware/HandleCors.php(49): Illuminate\\Pipeline\\Pipeline->Illuminate\\Pipeline\\{closure}(Object(Illuminate\\Http\\Request))
#31 /home/mediboyo/public_html/backend/mediboy/vendor/laravel/framework/src/Illuminate/Pipeline/Pipeline.php(180): Illuminate\\Http\\Middleware\\HandleCors->handle(Object(Illuminate\\Http\\Request), Object(Closure))
#32 /home/mediboyo/public_html/backend/mediboy/vendor/laravel/framework/src/Illuminate/Http/Middleware/TrustProxies.php(39): Illuminate\\Pipeline\\Pipeline->Illuminate\\Pipeline\\{closure}(Object(Illuminate\\Http\\Request))
#33 /home/mediboyo/public_html/backend/mediboy/vendor/laravel/framework/src/Illuminate/Pipeline/Pipeline.php(180): Illuminate\\Http\\Middleware\\TrustProxies->handle(Object(Illuminate\\Http\\Request), Object(Closure))
#34 /home/mediboyo/public_html/backend/mediboy/vendor/laravel/framework/src/Illuminate/Pipeline/Pipeline.php(116): Illuminate\\Pipeline\\Pipeline->Illuminate\\Pipeline\\{closure}(Object(Illuminate\\Http\\Request))
#35 /home/mediboyo/public_html/backend/mediboy/vendor/laravel/framework/src/Illuminate/Foundation/Http/Kernel.php(165): Illuminate\\Pipeline\\Pipeline->then(Object(Closure))
#36 /home/mediboyo/public_html/backend/mediboy/vendor/laravel/framework/src/Illuminate/Foundation/Http/Kernel.php(134): Illuminate\\Foundation\\Http\\Kernel->sendRequestThroughRouter(Object(Illuminate\\Http\\Request))
#37 /home/mediboyo/public_html/backend/mediboy/public/index.php(52): Illuminate\\Foundation\\Http\\Kernel->handle(Object(Illuminate\\Http\\Request))
#38 {main}
"} 
[2024-09-24 17:47:20] local.ERROR: View [welcome] not found. {"exception":"[object] (InvalidArgumentException(code: 0): View [welcome] not found. at /home/mediboyo/public_html/backend/mediboy/vendor/laravel/framework/src/Illuminate/View/FileViewFinder.php:137)
[stacktrace]
#0 /home/mediboyo/public_html/backend/mediboy/vendor/laravel/framework/src/Illuminate/View/FileViewFinder.php(79): Illuminate\\View\\FileViewFinder->findInPaths('welcome', Array)
#1 /home/mediboyo/public_html/backend/mediboy/vendor/laravel/framework/src/Illuminate/View/Factory.php(138): Illuminate\\View\\FileViewFinder->find('welcome')
#2 /home/mediboyo/public_html/backend/mediboy/vendor/laravel/framework/src/Illuminate/Foundation/helpers.php(1035): Illuminate\\View\\Factory->make('welcome', Array, Array)
#3 laravel-serializable-closure://function () {

    return \\view('welcome');

}(3): view('welcome')
#4 /home/mediboyo/public_html/backend/mediboy/vendor/laravel/framework/src/Illuminate/Routing/CallableDispatcher.php(40): Illuminate\\Routing\\RouteFileRegistrar::{closure}()
#5 /home/mediboyo/public_html/backend/mediboy/vendor/laravel/framework/src/Illuminate/Routing/Route.php(237): Illuminate\\Routing\\CallableDispatcher->dispatch(Object(Illuminate\\Routing\\Route), Object(Closure))
#6 /home/mediboyo/public_html/backend/mediboy/vendor/laravel/framework/src/Illuminate/Routing/Route.php(208): Illuminate\\Routing\\Route->runCallable()
#7 /home/mediboyo/public_html/backend/mediboy/vendor/laravel/framework/src/Illuminate/Routing/Router.php(798): Illuminate\\Routing\\Route->run()
#8 /home/mediboyo/public_html/backend/mediboy/vendor/laravel/framework/src/Illuminate/Pipeline/Pipeline.php(141): Illuminate\\Routing\\Router->Illuminate\\Routing\\{closure}(Object(Illuminate\\Http\\Request))
#9 /home/mediboyo/public_html/backend/mediboy/vendor/laravel/framework/src/Illuminate/Routing/Middleware/SubstituteBindings.php(50): Illuminate\\Pipeline\\Pipeline->Illuminate\\Pipeline\\{closure}(Object(Illuminate\\Http\\Request))
#10 /home/mediboyo/public_html/backend/mediboy/vendor/laravel/framework/src/Illuminate/Pipeline/Pipeline.php(180): Illuminate\\Routing\\Middleware\\SubstituteBindings->handle(Object(Illuminate\\Http\\Request), Object(Closure))
#11 /home/mediboyo/public_html/backend/mediboy/vendor/laravel/framework/src/Illuminate/Foundation/Http/Middleware/VerifyCsrfToken.php(78): Illuminate\\Pipeline\\Pipeline->Illuminate\\Pipeline\\{closure}(Object(Illuminate\\Http\\Request))
#12 /home/mediboyo/public_html/backend/mediboy/vendor/laravel/framework/src/Illuminate/Pipeline/Pipeline.php(180): Illuminate\\Foundation\\Http\\Middleware\\VerifyCsrfToken->handle(Object(Illuminate\\Http\\Request), Object(Closure))
#13 /home/mediboyo/public_html/backend/mediboy/vendor/laravel/framework/src/Illuminate/View/Middleware/ShareErrorsFromSession.php(49): Illuminate\\Pipeline\\Pipeline->Illuminate\\Pipeline\\{closure}(Object(Illuminate\\Http\\Request))
#14 /home/mediboyo/public_html/backend/mediboy/vendor/laravel/framework/src/Illuminate/Pipeline/Pipeline.php(180): Illuminate\\View\\Middleware\\ShareErrorsFromSession->handle(Object(Illuminate\\Http\\Request), Object(Closure))
#15 /home/mediboyo/public_html/backend/mediboy/vendor/laravel/framework/src/Illuminate/Session/Middleware/StartSession.php(121): Illuminate\\Pipeline\\Pipeline->Illuminate\\Pipeline\\{closure}(Object(Illuminate\\Http\\Request))
#16 /home/mediboyo/public_html/backend/mediboy/vendor/laravel/framework/src/Illuminate/Session/Middleware/StartSession.php(64): Illuminate\\Session\\Middleware\\StartSession->handleStatefulRequest(Object(Illuminate\\Http\\Request), Object(Illuminate\\Session\\Store), Object(Closure))
#17 /home/mediboyo/public_html/backend/mediboy/vendor/laravel/framework/src/Illuminate/Pipeline/Pipeline.php(180): Illuminate\\Session\\Middleware\\StartSession->handle(Object(Illuminate\\Http\\Request), Object(Closure))
#18 /home/mediboyo/public_html/backend/mediboy/vendor/laravel/framework/src/Illuminate/Cookie/Middleware/AddQueuedCookiesToResponse.php(37): Illuminate\\Pipeline\\Pipeline->Illuminate\\Pipeline\\{closure}(Object(Illuminate\\Http\\Request))
#19 /home/mediboyo/public_html/backend/mediboy/vendor/laravel/framework/src/Illuminate/Pipeline/Pipeline.php(180): Illuminate\\Cookie\\Middleware\\AddQueuedCookiesToResponse->handle(Object(Illuminate\\Http\\Request), Object(Closure))
#20 /home/mediboyo/public_html/backend/mediboy/vendor/laravel/framework/src/Illuminate/Cookie/Middleware/EncryptCookies.php(67): Illuminate\\Pipeline\\Pipeline->Illuminate\\Pipeline\\{closure}(Object(Illuminate\\Http\\Request))
#21 /home/mediboyo/public_html/backend/mediboy/vendor/laravel/framework/src/Illuminate/Pipeline/Pipeline.php(180): Illuminate\\Cookie\\Middleware\\EncryptCookies->handle(Object(Illuminate\\Http\\Request), Object(Closure))
#22 /home/mediboyo/public_html/backend/mediboy/vendor/laravel/framework/src/Illuminate/Pipeline/Pipeline.php(116): Illuminate\\Pipeline\\Pipeline->Illuminate\\Pipeline\\{closure}(Object(Illuminate\\Http\\Request))
#23 /home/mediboyo/public_html/backend/mediboy/vendor/laravel/framework/src/Illuminate/Routing/Router.php(799): Illuminate\\Pipeline\\Pipeline->then(Object(Closure))
#24 /home/mediboyo/public_html/backend/mediboy/vendor/laravel/framework/src/Illuminate/Routing/Router.php(776): Illuminate\\Routing\\Router->runRouteWithinStack(Object(Illuminate\\Routing\\Route), Object(Illuminate\\Http\\Request))
#25 /home/mediboyo/public_html/backend/mediboy/vendor/laravel/framework/src/Illuminate/Routing/Router.php(740): Illuminate\\Routing\\Router->runRoute(Object(Illuminate\\Http\\Request), Object(Illuminate\\Routing\\Route))
#26 /home/mediboyo/public_html/backend/mediboy/vendor/laravel/framework/src/Illuminate/Routing/Router.php(729): Illuminate\\Routing\\Router->dispatchToRoute(Object(Illuminate\\Http\\Request))
#27 /home/mediboyo/public_html/backend/mediboy/vendor/laravel/framework/src/Illuminate/Foundation/Http/Kernel.php(190): Illuminate\\Routing\\Router->dispatch(Object(Illuminate\\Http\\Request))
#28 /home/mediboyo/public_html/backend/mediboy/vendor/laravel/framework/src/Illuminate/Pipeline/Pipeline.php(141): Illuminate\\Foundation\\Http\\Kernel->Illuminate\\Foundation\\Http\\{closure}(Object(Illuminate\\Http\\Request))
#29 /home/mediboyo/public_html/backend/mediboy/vendor/laravel/framework/src/Illuminate/Foundation/Http/Middleware/TransformsRequest.php(21): Illuminate\\Pipeline\\Pipeline->Illuminate\\Pipeline\\{closure}(Object(Illuminate\\Http\\Request))
#30 /home/mediboyo/public_html/backend/mediboy/vendor/laravel/framework/src/Illuminate/Foundation/Http/Middleware/ConvertEmptyStringsToNull.php(31): Illuminate\\Foundation\\Http\\Middleware\\TransformsRequest->handle(Object(Illuminate\\Http\\Request), Object(Closure))
#31 /home/mediboyo/public_html/backend/mediboy/vendor/laravel/framework/src/Illuminate/Pipeline/Pipeline.php(180): Illuminate\\Foundation\\Http\\Middleware\\ConvertEmptyStringsToNull->handle(Object(Illuminate\\Http\\Request), Object(Closure))
#32 /home/mediboyo/public_html/backend/mediboy/vendor/laravel/framework/src/Illuminate/Foundation/Http/Middleware/TransformsRequest.php(21): Illuminate\\Pipeline\\Pipeline->Illuminate\\Pipeline\\{closure}(Object(Illuminate\\Http\\Request))
#33 /home/mediboyo/public_html/backend/mediboy/vendor/laravel/framework/src/Illuminate/Foundation/Http/Middleware/TrimStrings.php(40): Illuminate\\Foundation\\Http\\Middleware\\TransformsRequest->handle(Object(Illuminate\\Http\\Request), Object(Closure))
#34 /home/mediboyo/public_html/backend/mediboy/vendor/laravel/framework/src/Illuminate/Pipeline/Pipeline.php(180): Illuminate\\Foundation\\Http\\Middleware\\TrimStrings->handle(Object(Illuminate\\Http\\Request), Object(Closure))
#35 /home/mediboyo/public_html/backend/mediboy/vendor/laravel/framework/src/Illuminate/Foundation/Http/Middleware/ValidatePostSize.php(27): Illuminate\\Pipeline\\Pipeline->Illuminate\\Pipeline\\{closure}(Object(Illuminate\\Http\\Request))
#36 /home/mediboyo/public_html/backend/mediboy/vendor/laravel/framework/src/Illuminate/Pipeline/Pipeline.php(180): Illuminate\\Foundation\\Http\\Middleware\\ValidatePostSize->handle(Object(Illuminate\\Http\\Request), Object(Closure))
#37 /home/mediboyo/public_html/backend/mediboy/vendor/laravel/framework/src/Illuminate/Foundation/Http/Middleware/PreventRequestsDuringMaintenance.php(86): Illuminate\\Pipeline\\Pipeline->Illuminate\\Pipeline\\{closure}(Object(Illuminate\\Http\\Request))
#38 /home/mediboyo/public_html/backend/mediboy/vendor/laravel/framework/src/Illuminate/Pipeline/Pipeline.php(180): Illuminate\\Foundation\\Http\\Middleware\\PreventRequestsDuringMaintenance->handle(Object(Illuminate\\Http\\Request), Object(Closure))
#39 /home/mediboyo/public_html/backend/mediboy/vendor/laravel/framework/src/Illuminate/Http/Middleware/HandleCors.php(49): Illuminate\\Pipeline\\Pipeline->Illuminate\\Pipeline\\{closure}(Object(Illuminate\\Http\\Request))
#40 /home/mediboyo/public_html/backend/mediboy/vendor/laravel/framework/src/Illuminate/Pipeline/Pipeline.php(180): Illuminate\\Http\\Middleware\\HandleCors->handle(Object(Illuminate\\Http\\Request), Object(Closure))
#41 /home/mediboyo/public_html/backend/mediboy/vendor/laravel/framework/src/Illuminate/Http/Middleware/TrustProxies.php(39): Illuminate\\Pipeline\\Pipeline->Illuminate\\Pipeline\\{closure}(Object(Illuminate\\Http\\Request))
#42 /home/mediboyo/public_html/backend/mediboy/vendor/laravel/framework/src/Illuminate/Pipeline/Pipeline.php(180): Illuminate\\Http\\Middleware\\TrustProxies->handle(Object(Illuminate\\Http\\Request), Object(Closure))
#43 /home/mediboyo/public_html/backend/mediboy/vendor/laravel/framework/src/Illuminate/Pipeline/Pipeline.php(116): Illuminate\\Pipeline\\Pipeline->Illuminate\\Pipeline\\{closure}(Object(Illuminate\\Http\\Request))
#44 /home/mediboyo/public_html/backend/mediboy/vendor/laravel/framework/src/Illuminate/Foundation/Http/Kernel.php(165): Illuminate\\Pipeline\\Pipeline->then(Object(Closure))
#45 /home/mediboyo/public_html/backend/mediboy/vendor/laravel/framework/src/Illuminate/Foundation/Http/Kernel.php(134): Illuminate\\Foundation\\Http\\Kernel->sendRequestThroughRouter(Object(Illuminate\\Http\\Request))
#46 /home/mediboyo/public_html/backend/mediboy/public/index.php(52): Illuminate\\Foundation\\Http\\Kernel->handle(Object(Illuminate\\Http\\Request))
#47 {main}
"} 
[2024-09-24 17:47:20] local.ERROR: file_put_contents(C:\xampp\htdocs\mediboy\storage\framework/sessions/7MiWgervFPmYEJ7bxjSY3knwNKYBPgCisrJImdOX): Failed to open stream: No such file or directory {"exception":"[object] (ErrorException(code: 0): file_put_contents(C:\\xampp\\htdocs\\mediboy\\storage\\framework/sessions/7MiWgervFPmYEJ7bxjSY3knwNKYBPgCisrJImdOX): Failed to open stream: No such file or directory at /home/mediboyo/public_html/backend/mediboy/vendor/laravel/framework/src/Illuminate/Filesystem/Filesystem.php:190)
[stacktrace]
#0 /home/mediboyo/public_html/backend/mediboy/vendor/laravel/framework/src/Illuminate/Foundation/Bootstrap/HandleExceptions.php(270): Illuminate\\Foundation\\Bootstrap\\HandleExceptions->handleError(2, 'file_put_conten...', '/home/mediboyo/...', 190)
#1 [internal function]: Illuminate\\Foundation\\Bootstrap\\HandleExceptions->Illuminate\\Foundation\\Bootstrap\\{closure}(2, 'file_put_conten...', '/home/mediboyo/...', 190)
#2 /home/mediboyo/public_html/backend/mediboy/vendor/laravel/framework/src/Illuminate/Filesystem/Filesystem.php(190): file_put_contents('C:\\\\xampp\\\\htdocs...', 'a:3:{s:6:\"_toke...', 2)
#3 /home/mediboyo/public_html/backend/mediboy/vendor/laravel/framework/src/Illuminate/Session/FileSessionHandler.php(90): Illuminate\\Filesystem\\Filesystem->put('C:\\\\xampp\\\\htdocs...', 'a:3:{s:6:\"_toke...', true)
#4 /home/mediboyo/public_html/backend/mediboy/vendor/laravel/framework/src/Illuminate/Session/Store.php(173): Illuminate\\Session\\FileSessionHandler->write('7MiWgervFPmYEJ7...', 'a:3:{s:6:\"_toke...')
#5 /home/mediboyo/public_html/backend/mediboy/vendor/laravel/framework/src/Illuminate/Session/Middleware/StartSession.php(238): Illuminate\\Session\\Store->save()
#6 /home/mediboyo/public_html/backend/mediboy/vendor/laravel/framework/src/Illuminate/Session/Middleware/StartSession.php(130): Illuminate\\Session\\Middleware\\StartSession->saveSession(Object(Illuminate\\Http\\Request))
#7 /home/mediboyo/public_html/backend/mediboy/vendor/laravel/framework/src/Illuminate/Session/Middleware/StartSession.php(64): Illuminate\\Session\\Middleware\\StartSession->handleStatefulRequest(Object(Illuminate\\Http\\Request), Object(Illuminate\\Session\\Store), Object(Closure))
#8 /home/mediboyo/public_html/backend/mediboy/vendor/laravel/framework/src/Illuminate/Pipeline/Pipeline.php(180): Illuminate\\Session\\Middleware\\StartSession->handle(Object(Illuminate\\Http\\Request), Object(Closure))
#9 /home/mediboyo/public_html/backend/mediboy/vendor/laravel/framework/src/Illuminate/Cookie/Middleware/AddQueuedCookiesToResponse.php(37): Illuminate\\Pipeline\\Pipeline->Illuminate\\Pipeline\\{closure}(Object(Illuminate\\Http\\Request))
#10 /home/mediboyo/public_html/backend/mediboy/vendor/laravel/framework/src/Illuminate/Pipeline/Pipeline.php(180): Illuminate\\Cookie\\Middleware\\AddQueuedCookiesToResponse->handle(Object(Illuminate\\Http\\Request), Object(Closure))
#11 /home/mediboyo/public_html/backend/mediboy/vendor/laravel/framework/src/Illuminate/Cookie/Middleware/EncryptCookies.php(67): Illuminate\\Pipeline\\Pipeline->Illuminate\\Pipeline\\{closure}(Object(Illuminate\\Http\\Request))
#12 /home/mediboyo/public_html/backend/mediboy/vendor/laravel/framework/src/Illuminate/Pipeline/Pipeline.php(180): Illuminate\\Cookie\\Middleware\\EncryptCookies->handle(Object(Illuminate\\Http\\Request), Object(Closure))
#13 /home/mediboyo/public_html/backend/mediboy/vendor/laravel/framework/src/Illuminate/Pipeline/Pipeline.php(116): Illuminate\\Pipeline\\Pipeline->Illuminate\\Pipeline\\{closure}(Object(Illuminate\\Http\\Request))
#14 /home/mediboyo/public_html/backend/mediboy/vendor/laravel/framework/src/Illuminate/Routing/Router.php(799): Illuminate\\Pipeline\\Pipeline->then(Object(Closure))
#15 /home/mediboyo/public_html/backend/mediboy/vendor/laravel/framework/src/Illuminate/Routing/Router.php(776): Illuminate\\Routing\\Router->runRouteWithinStack(Object(Illuminate\\Routing\\Route), Object(Illuminate\\Http\\Request))
#16 /home/mediboyo/public_html/backend/mediboy/vendor/laravel/framework/src/Illuminate/Routing/Router.php(740): Illuminate\\Routing\\Router->runRoute(Object(Illuminate\\Http\\Request), Object(Illuminate\\Routing\\Route))
#17 /home/mediboyo/public_html/backend/mediboy/vendor/laravel/framework/src/Illuminate/Routing/Router.php(729): Illuminate\\Routing\\Router->dispatchToRoute(Object(Illuminate\\Http\\Request))
#18 /home/mediboyo/public_html/backend/mediboy/vendor/laravel/framework/src/Illuminate/Foundation/Http/Kernel.php(190): Illuminate\\Routing\\Router->dispatch(Object(Illuminate\\Http\\Request))
#19 /home/mediboyo/public_html/backend/mediboy/vendor/laravel/framework/src/Illuminate/Pipeline/Pipeline.php(141): Illuminate\\Foundation\\Http\\Kernel->Illuminate\\Foundation\\Http\\{closure}(Object(Illuminate\\Http\\Request))
#20 /home/mediboyo/public_html/backend/mediboy/vendor/laravel/framework/src/Illuminate/Foundation/Http/Middleware/TransformsRequest.php(21): Illuminate\\Pipeline\\Pipeline->Illuminate\\Pipeline\\{closure}(Object(Illuminate\\Http\\Request))
#21 /home/mediboyo/public_html/backend/mediboy/vendor/laravel/framework/src/Illuminate/Foundation/Http/Middleware/ConvertEmptyStringsToNull.php(31): Illuminate\\Foundation\\Http\\Middleware\\TransformsRequest->handle(Object(Illuminate\\Http\\Request), Object(Closure))
#22 /home/mediboyo/public_html/backend/mediboy/vendor/laravel/framework/src/Illuminate/Pipeline/Pipeline.php(180): Illuminate\\Foundation\\Http\\Middleware\\ConvertEmptyStringsToNull->handle(Object(Illuminate\\Http\\Request), Object(Closure))
#23 /home/mediboyo/public_html/backend/mediboy/vendor/laravel/framework/src/Illuminate/Foundation/Http/Middleware/TransformsRequest.php(21): Illuminate\\Pipeline\\Pipeline->Illuminate\\Pipeline\\{closure}(Object(Illuminate\\Http\\Request))
#24 /home/mediboyo/public_html/backend/mediboy/vendor/laravel/framework/src/Illuminate/Foundation/Http/Middleware/TrimStrings.php(40): Illuminate\\Foundation\\Http\\Middleware\\TransformsRequest->handle(Object(Illuminate\\Http\\Request), Object(Closure))
#25 /home/mediboyo/public_html/backend/mediboy/vendor/laravel/framework/src/Illuminate/Pipeline/Pipeline.php(180): Illuminate\\Foundation\\Http\\Middleware\\TrimStrings->handle(Object(Illuminate\\Http\\Request), Object(Closure))
#26 /home/mediboyo/public_html/backend/mediboy/vendor/laravel/framework/src/Illuminate/Foundation/Http/Middleware/ValidatePostSize.php(27): Illuminate\\Pipeline\\Pipeline->Illuminate\\Pipeline\\{closure}(Object(Illuminate\\Http\\Request))
#27 /home/mediboyo/public_html/backend/mediboy/vendor/laravel/framework/src/Illuminate/Pipeline/Pipeline.php(180): Illuminate\\Foundation\\Http\\Middleware\\ValidatePostSize->handle(Object(Illuminate\\Http\\Request), Object(Closure))
#28 /home/mediboyo/public_html/backend/mediboy/vendor/laravel/framework/src/Illuminate/Foundation/Http/Middleware/PreventRequestsDuringMaintenance.php(86): Illuminate\\Pipeline\\Pipeline->Illuminate\\Pipeline\\{closure}(Object(Illuminate\\Http\\Request))
#29 /home/mediboyo/public_html/backend/mediboy/vendor/laravel/framework/src/Illuminate/Pipeline/Pipeline.php(180): Illuminate\\Foundation\\Http\\Middleware\\PreventRequestsDuringMaintenance->handle(Object(Illuminate\\Http\\Request), Object(Closure))
#30 /home/mediboyo/public_html/backend/mediboy/vendor/laravel/framework/src/Illuminate/Http/Middleware/HandleCors.php(49): Illuminate\\Pipeline\\Pipeline->Illuminate\\Pipeline\\{closure}(Object(Illuminate\\Http\\Request))
#31 /home/mediboyo/public_html/backend/mediboy/vendor/laravel/framework/src/Illuminate/Pipeline/Pipeline.php(180): Illuminate\\Http\\Middleware\\HandleCors->handle(Object(Illuminate\\Http\\Request), Object(Closure))
#32 /home/mediboyo/public_html/backend/mediboy/vendor/laravel/framework/src/Illuminate/Http/Middleware/TrustProxies.php(39): Illuminate\\Pipeline\\Pipeline->Illuminate\\Pipeline\\{closure}(Object(Illuminate\\Http\\Request))
#33 /home/mediboyo/public_html/backend/mediboy/vendor/laravel/framework/src/Illuminate/Pipeline/Pipeline.php(180): Illuminate\\Http\\Middleware\\TrustProxies->handle(Object(Illuminate\\Http\\Request), Object(Closure))
#34 /home/mediboyo/public_html/backend/mediboy/vendor/laravel/framework/src/Illuminate/Pipeline/Pipeline.php(116): Illuminate\\Pipeline\\Pipeline->Illuminate\\Pipeline\\{closure}(Object(Illuminate\\Http\\Request))
#35 /home/mediboyo/public_html/backend/mediboy/vendor/laravel/framework/src/Illuminate/Foundation/Http/Kernel.php(165): Illuminate\\Pipeline\\Pipeline->then(Object(Closure))
#36 /home/mediboyo/public_html/backend/mediboy/vendor/laravel/framework/src/Illuminate/Foundation/Http/Kernel.php(134): Illuminate\\Foundation\\Http\\Kernel->sendRequestThroughRouter(Object(Illuminate\\Http\\Request))
#37 /home/mediboyo/public_html/backend/mediboy/public/index.php(52): Illuminate\\Foundation\\Http\\Kernel->handle(Object(Illuminate\\Http\\Request))
#38 {main}
"} 
[2024-09-24 17:48:56] local.ERROR: View [welcome] not found. {"exception":"[object] (InvalidArgumentException(code: 0): View [welcome] not found. at /home/mediboyo/public_html/backend/mediboy/vendor/laravel/framework/src/Illuminate/View/FileViewFinder.php:137)
[stacktrace]
#0 /home/mediboyo/public_html/backend/mediboy/vendor/laravel/framework/src/Illuminate/View/FileViewFinder.php(79): Illuminate\\View\\FileViewFinder->findInPaths('welcome', Array)
#1 /home/mediboyo/public_html/backend/mediboy/vendor/laravel/framework/src/Illuminate/View/Factory.php(138): Illuminate\\View\\FileViewFinder->find('welcome')
#2 /home/mediboyo/public_html/backend/mediboy/vendor/laravel/framework/src/Illuminate/Foundation/helpers.php(1035): Illuminate\\View\\Factory->make('welcome', Array, Array)
#3 laravel-serializable-closure://function () {

    return \\view('welcome');

}(3): view('welcome')
#4 /home/mediboyo/public_html/backend/mediboy/vendor/laravel/framework/src/Illuminate/Routing/CallableDispatcher.php(40): Illuminate\\Routing\\RouteFileRegistrar::{closure}()
#5 /home/mediboyo/public_html/backend/mediboy/vendor/laravel/framework/src/Illuminate/Routing/Route.php(237): Illuminate\\Routing\\CallableDispatcher->dispatch(Object(Illuminate\\Routing\\Route), Object(Closure))
#6 /home/mediboyo/public_html/backend/mediboy/vendor/laravel/framework/src/Illuminate/Routing/Route.php(208): Illuminate\\Routing\\Route->runCallable()
#7 /home/mediboyo/public_html/backend/mediboy/vendor/laravel/framework/src/Illuminate/Routing/Router.php(798): Illuminate\\Routing\\Route->run()
#8 /home/mediboyo/public_html/backend/mediboy/vendor/laravel/framework/src/Illuminate/Pipeline/Pipeline.php(141): Illuminate\\Routing\\Router->Illuminate\\Routing\\{closure}(Object(Illuminate\\Http\\Request))
#9 /home/mediboyo/public_html/backend/mediboy/vendor/laravel/framework/src/Illuminate/Routing/Middleware/SubstituteBindings.php(50): Illuminate\\Pipeline\\Pipeline->Illuminate\\Pipeline\\{closure}(Object(Illuminate\\Http\\Request))
#10 /home/mediboyo/public_html/backend/mediboy/vendor/laravel/framework/src/Illuminate/Pipeline/Pipeline.php(180): Illuminate\\Routing\\Middleware\\SubstituteBindings->handle(Object(Illuminate\\Http\\Request), Object(Closure))
#11 /home/mediboyo/public_html/backend/mediboy/vendor/laravel/framework/src/Illuminate/Foundation/Http/Middleware/VerifyCsrfToken.php(78): Illuminate\\Pipeline\\Pipeline->Illuminate\\Pipeline\\{closure}(Object(Illuminate\\Http\\Request))
#12 /home/mediboyo/public_html/backend/mediboy/vendor/laravel/framework/src/Illuminate/Pipeline/Pipeline.php(180): Illuminate\\Foundation\\Http\\Middleware\\VerifyCsrfToken->handle(Object(Illuminate\\Http\\Request), Object(Closure))
#13 /home/mediboyo/public_html/backend/mediboy/vendor/laravel/framework/src/Illuminate/View/Middleware/ShareErrorsFromSession.php(49): Illuminate\\Pipeline\\Pipeline->Illuminate\\Pipeline\\{closure}(Object(Illuminate\\Http\\Request))
#14 /home/mediboyo/public_html/backend/mediboy/vendor/laravel/framework/src/Illuminate/Pipeline/Pipeline.php(180): Illuminate\\View\\Middleware\\ShareErrorsFromSession->handle(Object(Illuminate\\Http\\Request), Object(Closure))
#15 /home/mediboyo/public_html/backend/mediboy/vendor/laravel/framework/src/Illuminate/Session/Middleware/StartSession.php(121): Illuminate\\Pipeline\\Pipeline->Illuminate\\Pipeline\\{closure}(Object(Illuminate\\Http\\Request))
#16 /home/mediboyo/public_html/backend/mediboy/vendor/laravel/framework/src/Illuminate/Session/Middleware/StartSession.php(64): Illuminate\\Session\\Middleware\\StartSession->handleStatefulRequest(Object(Illuminate\\Http\\Request), Object(Illuminate\\Session\\Store), Object(Closure))
#17 /home/mediboyo/public_html/backend/mediboy/vendor/laravel/framework/src/Illuminate/Pipeline/Pipeline.php(180): Illuminate\\Session\\Middleware\\StartSession->handle(Object(Illuminate\\Http\\Request), Object(Closure))
#18 /home/mediboyo/public_html/backend/mediboy/vendor/laravel/framework/src/Illuminate/Cookie/Middleware/AddQueuedCookiesToResponse.php(37): Illuminate\\Pipeline\\Pipeline->Illuminate\\Pipeline\\{closure}(Object(Illuminate\\Http\\Request))
#19 /home/mediboyo/public_html/backend/mediboy/vendor/laravel/framework/src/Illuminate/Pipeline/Pipeline.php(180): Illuminate\\Cookie\\Middleware\\AddQueuedCookiesToResponse->handle(Object(Illuminate\\Http\\Request), Object(Closure))
#20 /home/mediboyo/public_html/backend/mediboy/vendor/laravel/framework/src/Illuminate/Cookie/Middleware/EncryptCookies.php(67): Illuminate\\Pipeline\\Pipeline->Illuminate\\Pipeline\\{closure}(Object(Illuminate\\Http\\Request))
#21 /home/mediboyo/public_html/backend/mediboy/vendor/laravel/framework/src/Illuminate/Pipeline/Pipeline.php(180): Illuminate\\Cookie\\Middleware\\EncryptCookies->handle(Object(Illuminate\\Http\\Request), Object(Closure))
#22 /home/mediboyo/public_html/backend/mediboy/vendor/laravel/framework/src/Illuminate/Pipeline/Pipeline.php(116): Illuminate\\Pipeline\\Pipeline->Illuminate\\Pipeline\\{closure}(Object(Illuminate\\Http\\Request))
#23 /home/mediboyo/public_html/backend/mediboy/vendor/laravel/framework/src/Illuminate/Routing/Router.php(799): Illuminate\\Pipeline\\Pipeline->then(Object(Closure))
#24 /home/mediboyo/public_html/backend/mediboy/vendor/laravel/framework/src/Illuminate/Routing/Router.php(776): Illuminate\\Routing\\Router->runRouteWithinStack(Object(Illuminate\\Routing\\Route), Object(Illuminate\\Http\\Request))
#25 /home/mediboyo/public_html/backend/mediboy/vendor/laravel/framework/src/Illuminate/Routing/Router.php(740): Illuminate\\Routing\\Router->runRoute(Object(Illuminate\\Http\\Request), Object(Illuminate\\Routing\\Route))
#26 /home/mediboyo/public_html/backend/mediboy/vendor/laravel/framework/src/Illuminate/Routing/Router.php(729): Illuminate\\Routing\\Router->dispatchToRoute(Object(Illuminate\\Http\\Request))
#27 /home/mediboyo/public_html/backend/mediboy/vendor/laravel/framework/src/Illuminate/Foundation/Http/Kernel.php(190): Illuminate\\Routing\\Router->dispatch(Object(Illuminate\\Http\\Request))
#28 /home/mediboyo/public_html/backend/mediboy/vendor/laravel/framework/src/Illuminate/Pipeline/Pipeline.php(141): Illuminate\\Foundation\\Http\\Kernel->Illuminate\\Foundation\\Http\\{closure}(Object(Illuminate\\Http\\Request))
#29 /home/mediboyo/public_html/backend/mediboy/vendor/laravel/framework/src/Illuminate/Foundation/Http/Middleware/TransformsRequest.php(21): Illuminate\\Pipeline\\Pipeline->Illuminate\\Pipeline\\{closure}(Object(Illuminate\\Http\\Request))
#30 /home/mediboyo/public_html/backend/mediboy/vendor/laravel/framework/src/Illuminate/Foundation/Http/Middleware/ConvertEmptyStringsToNull.php(31): Illuminate\\Foundation\\Http\\Middleware\\TransformsRequest->handle(Object(Illuminate\\Http\\Request), Object(Closure))
#31 /home/mediboyo/public_html/backend/mediboy/vendor/laravel/framework/src/Illuminate/Pipeline/Pipeline.php(180): Illuminate\\Foundation\\Http\\Middleware\\ConvertEmptyStringsToNull->handle(Object(Illuminate\\Http\\Request), Object(Closure))
#32 /home/mediboyo/public_html/backend/mediboy/vendor/laravel/framework/src/Illuminate/Foundation/Http/Middleware/TransformsRequest.php(21): Illuminate\\Pipeline\\Pipeline->Illuminate\\Pipeline\\{closure}(Object(Illuminate\\Http\\Request))
#33 /home/mediboyo/public_html/backend/mediboy/vendor/laravel/framework/src/Illuminate/Foundation/Http/Middleware/TrimStrings.php(40): Illuminate\\Foundation\\Http\\Middleware\\TransformsRequest->handle(Object(Illuminate\\Http\\Request), Object(Closure))
#34 /home/mediboyo/public_html/backend/mediboy/vendor/laravel/framework/src/Illuminate/Pipeline/Pipeline.php(180): Illuminate\\Foundation\\Http\\Middleware\\TrimStrings->handle(Object(Illuminate\\Http\\Request), Object(Closure))
#35 /home/mediboyo/public_html/backend/mediboy/vendor/laravel/framework/src/Illuminate/Foundation/Http/Middleware/ValidatePostSize.php(27): Illuminate\\Pipeline\\Pipeline->Illuminate\\Pipeline\\{closure}(Object(Illuminate\\Http\\Request))
#36 /home/mediboyo/public_html/backend/mediboy/vendor/laravel/framework/src/Illuminate/Pipeline/Pipeline.php(180): Illuminate\\Foundation\\Http\\Middleware\\ValidatePostSize->handle(Object(Illuminate\\Http\\Request), Object(Closure))
#37 /home/mediboyo/public_html/backend/mediboy/vendor/laravel/framework/src/Illuminate/Foundation/Http/Middleware/PreventRequestsDuringMaintenance.php(86): Illuminate\\Pipeline\\Pipeline->Illuminate\\Pipeline\\{closure}(Object(Illuminate\\Http\\Request))
#38 /home/mediboyo/public_html/backend/mediboy/vendor/laravel/framework/src/Illuminate/Pipeline/Pipeline.php(180): Illuminate\\Foundation\\Http\\Middleware\\PreventRequestsDuringMaintenance->handle(Object(Illuminate\\Http\\Request), Object(Closure))
#39 /home/mediboyo/public_html/backend/mediboy/vendor/laravel/framework/src/Illuminate/Http/Middleware/HandleCors.php(49): Illuminate\\Pipeline\\Pipeline->Illuminate\\Pipeline\\{closure}(Object(Illuminate\\Http\\Request))
#40 /home/mediboyo/public_html/backend/mediboy/vendor/laravel/framework/src/Illuminate/Pipeline/Pipeline.php(180): Illuminate\\Http\\Middleware\\HandleCors->handle(Object(Illuminate\\Http\\Request), Object(Closure))
#41 /home/mediboyo/public_html/backend/mediboy/vendor/laravel/framework/src/Illuminate/Http/Middleware/TrustProxies.php(39): Illuminate\\Pipeline\\Pipeline->Illuminate\\Pipeline\\{closure}(Object(Illuminate\\Http\\Request))
#42 /home/mediboyo/public_html/backend/mediboy/vendor/laravel/framework/src/Illuminate/Pipeline/Pipeline.php(180): Illuminate\\Http\\Middleware\\TrustProxies->handle(Object(Illuminate\\Http\\Request), Object(Closure))
#43 /home/mediboyo/public_html/backend/mediboy/vendor/laravel/framework/src/Illuminate/Pipeline/Pipeline.php(116): Illuminate\\Pipeline\\Pipeline->Illuminate\\Pipeline\\{closure}(Object(Illuminate\\Http\\Request))
#44 /home/mediboyo/public_html/backend/mediboy/vendor/laravel/framework/src/Illuminate/Foundation/Http/Kernel.php(165): Illuminate\\Pipeline\\Pipeline->then(Object(Closure))
#45 /home/mediboyo/public_html/backend/mediboy/vendor/laravel/framework/src/Illuminate/Foundation/Http/Kernel.php(134): Illuminate\\Foundation\\Http\\Kernel->sendRequestThroughRouter(Object(Illuminate\\Http\\Request))
#46 /home/mediboyo/public_html/backend/mediboy/public/index.php(52): Illuminate\\Foundation\\Http\\Kernel->handle(Object(Illuminate\\Http\\Request))
#47 {main}
"} 
[2024-09-24 17:48:56] local.ERROR: file_put_contents(C:\xampp\htdocs\mediboy\storage\framework/sessions/7ovGOxo2uTBuUCI9a9ROPy2crbCl5DneJmHTefY6): Failed to open stream: No such file or directory {"exception":"[object] (ErrorException(code: 0): file_put_contents(C:\\xampp\\htdocs\\mediboy\\storage\\framework/sessions/7ovGOxo2uTBuUCI9a9ROPy2crbCl5DneJmHTefY6): Failed to open stream: No such file or directory at /home/mediboyo/public_html/backend/mediboy/vendor/laravel/framework/src/Illuminate/Filesystem/Filesystem.php:190)
[stacktrace]
#0 /home/mediboyo/public_html/backend/mediboy/vendor/laravel/framework/src/Illuminate/Foundation/Bootstrap/HandleExceptions.php(270): Illuminate\\Foundation\\Bootstrap\\HandleExceptions->handleError(2, 'file_put_conten...', '/home/mediboyo/...', 190)
#1 [internal function]: Illuminate\\Foundation\\Bootstrap\\HandleExceptions->Illuminate\\Foundation\\Bootstrap\\{closure}(2, 'file_put_conten...', '/home/mediboyo/...', 190)
#2 /home/mediboyo/public_html/backend/mediboy/vendor/laravel/framework/src/Illuminate/Filesystem/Filesystem.php(190): file_put_contents('C:\\\\xampp\\\\htdocs...', 'a:3:{s:6:\"_toke...', 2)
#3 /home/mediboyo/public_html/backend/mediboy/vendor/laravel/framework/src/Illuminate/Session/FileSessionHandler.php(90): Illuminate\\Filesystem\\Filesystem->put('C:\\\\xampp\\\\htdocs...', 'a:3:{s:6:\"_toke...', true)
#4 /home/mediboyo/public_html/backend/mediboy/vendor/laravel/framework/src/Illuminate/Session/Store.php(173): Illuminate\\Session\\FileSessionHandler->write('7ovGOxo2uTBuUCI...', 'a:3:{s:6:\"_toke...')
#5 /home/mediboyo/public_html/backend/mediboy/vendor/laravel/framework/src/Illuminate/Session/Middleware/StartSession.php(238): Illuminate\\Session\\Store->save()
#6 /home/mediboyo/public_html/backend/mediboy/vendor/laravel/framework/src/Illuminate/Session/Middleware/StartSession.php(130): Illuminate\\Session\\Middleware\\StartSession->saveSession(Object(Illuminate\\Http\\Request))
#7 /home/mediboyo/public_html/backend/mediboy/vendor/laravel/framework/src/Illuminate/Session/Middleware/StartSession.php(64): Illuminate\\Session\\Middleware\\StartSession->handleStatefulRequest(Object(Illuminate\\Http\\Request), Object(Illuminate\\Session\\Store), Object(Closure))
#8 /home/mediboyo/public_html/backend/mediboy/vendor/laravel/framework/src/Illuminate/Pipeline/Pipeline.php(180): Illuminate\\Session\\Middleware\\StartSession->handle(Object(Illuminate\\Http\\Request), Object(Closure))
#9 /home/mediboyo/public_html/backend/mediboy/vendor/laravel/framework/src/Illuminate/Cookie/Middleware/AddQueuedCookiesToResponse.php(37): Illuminate\\Pipeline\\Pipeline->Illuminate\\Pipeline\\{closure}(Object(Illuminate\\Http\\Request))
#10 /home/mediboyo/public_html/backend/mediboy/vendor/laravel/framework/src/Illuminate/Pipeline/Pipeline.php(180): Illuminate\\Cookie\\Middleware\\AddQueuedCookiesToResponse->handle(Object(Illuminate\\Http\\Request), Object(Closure))
#11 /home/mediboyo/public_html/backend/mediboy/vendor/laravel/framework/src/Illuminate/Cookie/Middleware/EncryptCookies.php(67): Illuminate\\Pipeline\\Pipeline->Illuminate\\Pipeline\\{closure}(Object(Illuminate\\Http\\Request))
#12 /home/mediboyo/public_html/backend/mediboy/vendor/laravel/framework/src/Illuminate/Pipeline/Pipeline.php(180): Illuminate\\Cookie\\Middleware\\EncryptCookies->handle(Object(Illuminate\\Http\\Request), Object(Closure))
#13 /home/mediboyo/public_html/backend/mediboy/vendor/laravel/framework/src/Illuminate/Pipeline/Pipeline.php(116): Illuminate\\Pipeline\\Pipeline->Illuminate\\Pipeline\\{closure}(Object(Illuminate\\Http\\Request))
#14 /home/mediboyo/public_html/backend/mediboy/vendor/laravel/framework/src/Illuminate/Routing/Router.php(799): Illuminate\\Pipeline\\Pipeline->then(Object(Closure))
#15 /home/mediboyo/public_html/backend/mediboy/vendor/laravel/framework/src/Illuminate/Routing/Router.php(776): Illuminate\\Routing\\Router->runRouteWithinStack(Object(Illuminate\\Routing\\Route), Object(Illuminate\\Http\\Request))
#16 /home/mediboyo/public_html/backend/mediboy/vendor/laravel/framework/src/Illuminate/Routing/Router.php(740): Illuminate\\Routing\\Router->runRoute(Object(Illuminate\\Http\\Request), Object(Illuminate\\Routing\\Route))
#17 /home/mediboyo/public_html/backend/mediboy/vendor/laravel/framework/src/Illuminate/Routing/Router.php(729): Illuminate\\Routing\\Router->dispatchToRoute(Object(Illuminate\\Http\\Request))
#18 /home/mediboyo/public_html/backend/mediboy/vendor/laravel/framework/src/Illuminate/Foundation/Http/Kernel.php(190): Illuminate\\Routing\\Router->dispatch(Object(Illuminate\\Http\\Request))
#19 /home/mediboyo/public_html/backend/mediboy/vendor/laravel/framework/src/Illuminate/Pipeline/Pipeline.php(141): Illuminate\\Foundation\\Http\\Kernel->Illuminate\\Foundation\\Http\\{closure}(Object(Illuminate\\Http\\Request))
#20 /home/mediboyo/public_html/backend/mediboy/vendor/laravel/framework/src/Illuminate/Foundation/Http/Middleware/TransformsRequest.php(21): Illuminate\\Pipeline\\Pipeline->Illuminate\\Pipeline\\{closure}(Object(Illuminate\\Http\\Request))
#21 /home/mediboyo/public_html/backend/mediboy/vendor/laravel/framework/src/Illuminate/Foundation/Http/Middleware/ConvertEmptyStringsToNull.php(31): Illuminate\\Foundation\\Http\\Middleware\\TransformsRequest->handle(Object(Illuminate\\Http\\Request), Object(Closure))
#22 /home/mediboyo/public_html/backend/mediboy/vendor/laravel/framework/src/Illuminate/Pipeline/Pipeline.php(180): Illuminate\\Foundation\\Http\\Middleware\\ConvertEmptyStringsToNull->handle(Object(Illuminate\\Http\\Request), Object(Closure))
#23 /home/mediboyo/public_html/backend/mediboy/vendor/laravel/framework/src/Illuminate/Foundation/Http/Middleware/TransformsRequest.php(21): Illuminate\\Pipeline\\Pipeline->Illuminate\\Pipeline\\{closure}(Object(Illuminate\\Http\\Request))
#24 /home/mediboyo/public_html/backend/mediboy/vendor/laravel/framework/src/Illuminate/Foundation/Http/Middleware/TrimStrings.php(40): Illuminate\\Foundation\\Http\\Middleware\\TransformsRequest->handle(Object(Illuminate\\Http\\Request), Object(Closure))
#25 /home/mediboyo/public_html/backend/mediboy/vendor/laravel/framework/src/Illuminate/Pipeline/Pipeline.php(180): Illuminate\\Foundation\\Http\\Middleware\\TrimStrings->handle(Object(Illuminate\\Http\\Request), Object(Closure))
#26 /home/mediboyo/public_html/backend/mediboy/vendor/laravel/framework/src/Illuminate/Foundation/Http/Middleware/ValidatePostSize.php(27): Illuminate\\Pipeline\\Pipeline->Illuminate\\Pipeline\\{closure}(Object(Illuminate\\Http\\Request))
#27 /home/mediboyo/public_html/backend/mediboy/vendor/laravel/framework/src/Illuminate/Pipeline/Pipeline.php(180): Illuminate\\Foundation\\Http\\Middleware\\ValidatePostSize->handle(Object(Illuminate\\Http\\Request), Object(Closure))
#28 /home/mediboyo/public_html/backend/mediboy/vendor/laravel/framework/src/Illuminate/Foundation/Http/Middleware/PreventRequestsDuringMaintenance.php(86): Illuminate\\Pipeline\\Pipeline->Illuminate\\Pipeline\\{closure}(Object(Illuminate\\Http\\Request))
#29 /home/mediboyo/public_html/backend/mediboy/vendor/laravel/framework/src/Illuminate/Pipeline/Pipeline.php(180): Illuminate\\Foundation\\Http\\Middleware\\PreventRequestsDuringMaintenance->handle(Object(Illuminate\\Http\\Request), Object(Closure))
#30 /home/mediboyo/public_html/backend/mediboy/vendor/laravel/framework/src/Illuminate/Http/Middleware/HandleCors.php(49): Illuminate\\Pipeline\\Pipeline->Illuminate\\Pipeline\\{closure}(Object(Illuminate\\Http\\Request))
#31 /home/mediboyo/public_html/backend/mediboy/vendor/laravel/framework/src/Illuminate/Pipeline/Pipeline.php(180): Illuminate\\Http\\Middleware\\HandleCors->handle(Object(Illuminate\\Http\\Request), Object(Closure))
#32 /home/mediboyo/public_html/backend/mediboy/vendor/laravel/framework/src/Illuminate/Http/Middleware/TrustProxies.php(39): Illuminate\\Pipeline\\Pipeline->Illuminate\\Pipeline\\{closure}(Object(Illuminate\\Http\\Request))
#33 /home/mediboyo/public_html/backend/mediboy/vendor/laravel/framework/src/Illuminate/Pipeline/Pipeline.php(180): Illuminate\\Http\\Middleware\\TrustProxies->handle(Object(Illuminate\\Http\\Request), Object(Closure))
#34 /home/mediboyo/public_html/backend/mediboy/vendor/laravel/framework/src/Illuminate/Pipeline/Pipeline.php(116): Illuminate\\Pipeline\\Pipeline->Illuminate\\Pipeline\\{closure}(Object(Illuminate\\Http\\Request))
#35 /home/mediboyo/public_html/backend/mediboy/vendor/laravel/framework/src/Illuminate/Foundation/Http/Kernel.php(165): Illuminate\\Pipeline\\Pipeline->then(Object(Closure))
#36 /home/mediboyo/public_html/backend/mediboy/vendor/laravel/framework/src/Illuminate/Foundation/Http/Kernel.php(134): Illuminate\\Foundation\\Http\\Kernel->sendRequestThroughRouter(Object(Illuminate\\Http\\Request))
#37 /home/mediboyo/public_html/backend/mediboy/public/index.php(52): Illuminate\\Foundation\\Http\\Kernel->handle(Object(Illuminate\\Http\\Request))
#38 {main}
"} 
[2024-09-24 17:49:51] local.ERROR: View [welcome] not found. {"exception":"[object] (InvalidArgumentException(code: 0): View [welcome] not found. at /home/mediboyo/public_html/backend/mediboy/vendor/laravel/framework/src/Illuminate/View/FileViewFinder.php:137)
[stacktrace]
#0 /home/mediboyo/public_html/backend/mediboy/vendor/laravel/framework/src/Illuminate/View/FileViewFinder.php(79): Illuminate\\View\\FileViewFinder->findInPaths('welcome', Array)
#1 /home/mediboyo/public_html/backend/mediboy/vendor/laravel/framework/src/Illuminate/View/Factory.php(138): Illuminate\\View\\FileViewFinder->find('welcome')
#2 /home/mediboyo/public_html/backend/mediboy/vendor/laravel/framework/src/Illuminate/Foundation/helpers.php(1035): Illuminate\\View\\Factory->make('welcome', Array, Array)
#3 laravel-serializable-closure://function () {

    return \\view('welcome');

}(3): view('welcome')
#4 /home/mediboyo/public_html/backend/mediboy/vendor/laravel/framework/src/Illuminate/Routing/CallableDispatcher.php(40): Illuminate\\Routing\\RouteFileRegistrar::{closure}()
#5 /home/mediboyo/public_html/backend/mediboy/vendor/laravel/framework/src/Illuminate/Routing/Route.php(237): Illuminate\\Routing\\CallableDispatcher->dispatch(Object(Illuminate\\Routing\\Route), Object(Closure))
#6 /home/mediboyo/public_html/backend/mediboy/vendor/laravel/framework/src/Illuminate/Routing/Route.php(208): Illuminate\\Routing\\Route->runCallable()
#7 /home/mediboyo/public_html/backend/mediboy/vendor/laravel/framework/src/Illuminate/Routing/Router.php(798): Illuminate\\Routing\\Route->run()
#8 /home/mediboyo/public_html/backend/mediboy/vendor/laravel/framework/src/Illuminate/Pipeline/Pipeline.php(141): Illuminate\\Routing\\Router->Illuminate\\Routing\\{closure}(Object(Illuminate\\Http\\Request))
#9 /home/mediboyo/public_html/backend/mediboy/vendor/laravel/framework/src/Illuminate/Routing/Middleware/SubstituteBindings.php(50): Illuminate\\Pipeline\\Pipeline->Illuminate\\Pipeline\\{closure}(Object(Illuminate\\Http\\Request))
#10 /home/mediboyo/public_html/backend/mediboy/vendor/laravel/framework/src/Illuminate/Pipeline/Pipeline.php(180): Illuminate\\Routing\\Middleware\\SubstituteBindings->handle(Object(Illuminate\\Http\\Request), Object(Closure))
#11 /home/mediboyo/public_html/backend/mediboy/vendor/laravel/framework/src/Illuminate/Foundation/Http/Middleware/VerifyCsrfToken.php(78): Illuminate\\Pipeline\\Pipeline->Illuminate\\Pipeline\\{closure}(Object(Illuminate\\Http\\Request))
#12 /home/mediboyo/public_html/backend/mediboy/vendor/laravel/framework/src/Illuminate/Pipeline/Pipeline.php(180): Illuminate\\Foundation\\Http\\Middleware\\VerifyCsrfToken->handle(Object(Illuminate\\Http\\Request), Object(Closure))
#13 /home/mediboyo/public_html/backend/mediboy/vendor/laravel/framework/src/Illuminate/View/Middleware/ShareErrorsFromSession.php(49): Illuminate\\Pipeline\\Pipeline->Illuminate\\Pipeline\\{closure}(Object(Illuminate\\Http\\Request))
#14 /home/mediboyo/public_html/backend/mediboy/vendor/laravel/framework/src/Illuminate/Pipeline/Pipeline.php(180): Illuminate\\View\\Middleware\\ShareErrorsFromSession->handle(Object(Illuminate\\Http\\Request), Object(Closure))
#15 /home/mediboyo/public_html/backend/mediboy/vendor/laravel/framework/src/Illuminate/Session/Middleware/StartSession.php(121): Illuminate\\Pipeline\\Pipeline->Illuminate\\Pipeline\\{closure}(Object(Illuminate\\Http\\Request))
#16 /home/mediboyo/public_html/backend/mediboy/vendor/laravel/framework/src/Illuminate/Session/Middleware/StartSession.php(64): Illuminate\\Session\\Middleware\\StartSession->handleStatefulRequest(Object(Illuminate\\Http\\Request), Object(Illuminate\\Session\\Store), Object(Closure))
#17 /home/mediboyo/public_html/backend/mediboy/vendor/laravel/framework/src/Illuminate/Pipeline/Pipeline.php(180): Illuminate\\Session\\Middleware\\StartSession->handle(Object(Illuminate\\Http\\Request), Object(Closure))
#18 /home/mediboyo/public_html/backend/mediboy/vendor/laravel/framework/src/Illuminate/Cookie/Middleware/AddQueuedCookiesToResponse.php(37): Illuminate\\Pipeline\\Pipeline->Illuminate\\Pipeline\\{closure}(Object(Illuminate\\Http\\Request))
#19 /home/mediboyo/public_html/backend/mediboy/vendor/laravel/framework/src/Illuminate/Pipeline/Pipeline.php(180): Illuminate\\Cookie\\Middleware\\AddQueuedCookiesToResponse->handle(Object(Illuminate\\Http\\Request), Object(Closure))
#20 /home/mediboyo/public_html/backend/mediboy/vendor/laravel/framework/src/Illuminate/Cookie/Middleware/EncryptCookies.php(67): Illuminate\\Pipeline\\Pipeline->Illuminate\\Pipeline\\{closure}(Object(Illuminate\\Http\\Request))
#21 /home/mediboyo/public_html/backend/mediboy/vendor/laravel/framework/src/Illuminate/Pipeline/Pipeline.php(180): Illuminate\\Cookie\\Middleware\\EncryptCookies->handle(Object(Illuminate\\Http\\Request), Object(Closure))
#22 /home/mediboyo/public_html/backend/mediboy/vendor/laravel/framework/src/Illuminate/Pipeline/Pipeline.php(116): Illuminate\\Pipeline\\Pipeline->Illuminate\\Pipeline\\{closure}(Object(Illuminate\\Http\\Request))
#23 /home/mediboyo/public_html/backend/mediboy/vendor/laravel/framework/src/Illuminate/Routing/Router.php(799): Illuminate\\Pipeline\\Pipeline->then(Object(Closure))
#24 /home/mediboyo/public_html/backend/mediboy/vendor/laravel/framework/src/Illuminate/Routing/Router.php(776): Illuminate\\Routing\\Router->runRouteWithinStack(Object(Illuminate\\Routing\\Route), Object(Illuminate\\Http\\Request))
#25 /home/mediboyo/public_html/backend/mediboy/vendor/laravel/framework/src/Illuminate/Routing/Router.php(740): Illuminate\\Routing\\Router->runRoute(Object(Illuminate\\Http\\Request), Object(Illuminate\\Routing\\Route))
#26 /home/mediboyo/public_html/backend/mediboy/vendor/laravel/framework/src/Illuminate/Routing/Router.php(729): Illuminate\\Routing\\Router->dispatchToRoute(Object(Illuminate\\Http\\Request))
#27 /home/mediboyo/public_html/backend/mediboy/vendor/laravel/framework/src/Illuminate/Foundation/Http/Kernel.php(190): Illuminate\\Routing\\Router->dispatch(Object(Illuminate\\Http\\Request))
#28 /home/mediboyo/public_html/backend/mediboy/vendor/laravel/framework/src/Illuminate/Pipeline/Pipeline.php(141): Illuminate\\Foundation\\Http\\Kernel->Illuminate\\Foundation\\Http\\{closure}(Object(Illuminate\\Http\\Request))
#29 /home/mediboyo/public_html/backend/mediboy/vendor/laravel/framework/src/Illuminate/Foundation/Http/Middleware/TransformsRequest.php(21): Illuminate\\Pipeline\\Pipeline->Illuminate\\Pipeline\\{closure}(Object(Illuminate\\Http\\Request))
#30 /home/mediboyo/public_html/backend/mediboy/vendor/laravel/framework/src/Illuminate/Foundation/Http/Middleware/ConvertEmptyStringsToNull.php(31): Illuminate\\Foundation\\Http\\Middleware\\TransformsRequest->handle(Object(Illuminate\\Http\\Request), Object(Closure))
#31 /home/mediboyo/public_html/backend/mediboy/vendor/laravel/framework/src/Illuminate/Pipeline/Pipeline.php(180): Illuminate\\Foundation\\Http\\Middleware\\ConvertEmptyStringsToNull->handle(Object(Illuminate\\Http\\Request), Object(Closure))
#32 /home/mediboyo/public_html/backend/mediboy/vendor/laravel/framework/src/Illuminate/Foundation/Http/Middleware/TransformsRequest.php(21): Illuminate\\Pipeline\\Pipeline->Illuminate\\Pipeline\\{closure}(Object(Illuminate\\Http\\Request))
#33 /home/mediboyo/public_html/backend/mediboy/vendor/laravel/framework/src/Illuminate/Foundation/Http/Middleware/TrimStrings.php(40): Illuminate\\Foundation\\Http\\Middleware\\TransformsRequest->handle(Object(Illuminate\\Http\\Request), Object(Closure))
#34 /home/mediboyo/public_html/backend/mediboy/vendor/laravel/framework/src/Illuminate/Pipeline/Pipeline.php(180): Illuminate\\Foundation\\Http\\Middleware\\TrimStrings->handle(Object(Illuminate\\Http\\Request), Object(Closure))
#35 /home/mediboyo/public_html/backend/mediboy/vendor/laravel/framework/src/Illuminate/Foundation/Http/Middleware/ValidatePostSize.php(27): Illuminate\\Pipeline\\Pipeline->Illuminate\\Pipeline\\{closure}(Object(Illuminate\\Http\\Request))
#36 /home/mediboyo/public_html/backend/mediboy/vendor/laravel/framework/src/Illuminate/Pipeline/Pipeline.php(180): Illuminate\\Foundation\\Http\\Middleware\\ValidatePostSize->handle(Object(Illuminate\\Http\\Request), Object(Closure))
#37 /home/mediboyo/public_html/backend/mediboy/vendor/laravel/framework/src/Illuminate/Foundation/Http/Middleware/PreventRequestsDuringMaintenance.php(86): Illuminate\\Pipeline\\Pipeline->Illuminate\\Pipeline\\{closure}(Object(Illuminate\\Http\\Request))
#38 /home/mediboyo/public_html/backend/mediboy/vendor/laravel/framework/src/Illuminate/Pipeline/Pipeline.php(180): Illuminate\\Foundation\\Http\\Middleware\\PreventRequestsDuringMaintenance->handle(Object(Illuminate\\Http\\Request), Object(Closure))
#39 /home/mediboyo/public_html/backend/mediboy/vendor/laravel/framework/src/Illuminate/Http/Middleware/HandleCors.php(49): Illuminate\\Pipeline\\Pipeline->Illuminate\\Pipeline\\{closure}(Object(Illuminate\\Http\\Request))
#40 /home/mediboyo/public_html/backend/mediboy/vendor/laravel/framework/src/Illuminate/Pipeline/Pipeline.php(180): Illuminate\\Http\\Middleware\\HandleCors->handle(Object(Illuminate\\Http\\Request), Object(Closure))
#41 /home/mediboyo/public_html/backend/mediboy/vendor/laravel/framework/src/Illuminate/Http/Middleware/TrustProxies.php(39): Illuminate\\Pipeline\\Pipeline->Illuminate\\Pipeline\\{closure}(Object(Illuminate\\Http\\Request))
#42 /home/mediboyo/public_html/backend/mediboy/vendor/laravel/framework/src/Illuminate/Pipeline/Pipeline.php(180): Illuminate\\Http\\Middleware\\TrustProxies->handle(Object(Illuminate\\Http\\Request), Object(Closure))
#43 /home/mediboyo/public_html/backend/mediboy/vendor/laravel/framework/src/Illuminate/Pipeline/Pipeline.php(116): Illuminate\\Pipeline\\Pipeline->Illuminate\\Pipeline\\{closure}(Object(Illuminate\\Http\\Request))
#44 /home/mediboyo/public_html/backend/mediboy/vendor/laravel/framework/src/Illuminate/Foundation/Http/Kernel.php(165): Illuminate\\Pipeline\\Pipeline->then(Object(Closure))
#45 /home/mediboyo/public_html/backend/mediboy/vendor/laravel/framework/src/Illuminate/Foundation/Http/Kernel.php(134): Illuminate\\Foundation\\Http\\Kernel->sendRequestThroughRouter(Object(Illuminate\\Http\\Request))
#46 /home/mediboyo/public_html/backend/mediboy/public/index.php(52): Illuminate\\Foundation\\Http\\Kernel->handle(Object(Illuminate\\Http\\Request))
#47 {main}
"} 
[2024-09-24 17:49:51] local.ERROR: file_put_contents(C:\xampp\htdocs\mediboy\storage\framework/sessions/sc6O4hDeNc8epEwwXUMwu6GCJ4QiQPVHSn39IGVR): Failed to open stream: No such file or directory {"exception":"[object] (ErrorException(code: 0): file_put_contents(C:\\xampp\\htdocs\\mediboy\\storage\\framework/sessions/sc6O4hDeNc8epEwwXUMwu6GCJ4QiQPVHSn39IGVR): Failed to open stream: No such file or directory at /home/mediboyo/public_html/backend/mediboy/vendor/laravel/framework/src/Illuminate/Filesystem/Filesystem.php:190)
[stacktrace]
#0 /home/mediboyo/public_html/backend/mediboy/vendor/laravel/framework/src/Illuminate/Foundation/Bootstrap/HandleExceptions.php(270): Illuminate\\Foundation\\Bootstrap\\HandleExceptions->handleError(2, 'file_put_conten...', '/home/mediboyo/...', 190)
#1 [internal function]: Illuminate\\Foundation\\Bootstrap\\HandleExceptions->Illuminate\\Foundation\\Bootstrap\\{closure}(2, 'file_put_conten...', '/home/mediboyo/...', 190)
#2 /home/mediboyo/public_html/backend/mediboy/vendor/laravel/framework/src/Illuminate/Filesystem/Filesystem.php(190): file_put_contents('C:\\\\xampp\\\\htdocs...', 'a:3:{s:6:\"_toke...', 2)
#3 /home/mediboyo/public_html/backend/mediboy/vendor/laravel/framework/src/Illuminate/Session/FileSessionHandler.php(90): Illuminate\\Filesystem\\Filesystem->put('C:\\\\xampp\\\\htdocs...', 'a:3:{s:6:\"_toke...', true)
#4 /home/mediboyo/public_html/backend/mediboy/vendor/laravel/framework/src/Illuminate/Session/Store.php(173): Illuminate\\Session\\FileSessionHandler->write('sc6O4hDeNc8epEw...', 'a:3:{s:6:\"_toke...')
#5 /home/mediboyo/public_html/backend/mediboy/vendor/laravel/framework/src/Illuminate/Session/Middleware/StartSession.php(238): Illuminate\\Session\\Store->save()
#6 /home/mediboyo/public_html/backend/mediboy/vendor/laravel/framework/src/Illuminate/Session/Middleware/StartSession.php(130): Illuminate\\Session\\Middleware\\StartSession->saveSession(Object(Illuminate\\Http\\Request))
#7 /home/mediboyo/public_html/backend/mediboy/vendor/laravel/framework/src/Illuminate/Session/Middleware/StartSession.php(64): Illuminate\\Session\\Middleware\\StartSession->handleStatefulRequest(Object(Illuminate\\Http\\Request), Object(Illuminate\\Session\\Store), Object(Closure))
#8 /home/mediboyo/public_html/backend/mediboy/vendor/laravel/framework/src/Illuminate/Pipeline/Pipeline.php(180): Illuminate\\Session\\Middleware\\StartSession->handle(Object(Illuminate\\Http\\Request), Object(Closure))
#9 /home/mediboyo/public_html/backend/mediboy/vendor/laravel/framework/src/Illuminate/Cookie/Middleware/AddQueuedCookiesToResponse.php(37): Illuminate\\Pipeline\\Pipeline->Illuminate\\Pipeline\\{closure}(Object(Illuminate\\Http\\Request))
#10 /home/mediboyo/public_html/backend/mediboy/vendor/laravel/framework/src/Illuminate/Pipeline/Pipeline.php(180): Illuminate\\Cookie\\Middleware\\AddQueuedCookiesToResponse->handle(Object(Illuminate\\Http\\Request), Object(Closure))
#11 /home/mediboyo/public_html/backend/mediboy/vendor/laravel/framework/src/Illuminate/Cookie/Middleware/EncryptCookies.php(67): Illuminate\\Pipeline\\Pipeline->Illuminate\\Pipeline\\{closure}(Object(Illuminate\\Http\\Request))
#12 /home/mediboyo/public_html/backend/mediboy/vendor/laravel/framework/src/Illuminate/Pipeline/Pipeline.php(180): Illuminate\\Cookie\\Middleware\\EncryptCookies->handle(Object(Illuminate\\Http\\Request), Object(Closure))
#13 /home/mediboyo/public_html/backend/mediboy/vendor/laravel/framework/src/Illuminate/Pipeline/Pipeline.php(116): Illuminate\\Pipeline\\Pipeline->Illuminate\\Pipeline\\{closure}(Object(Illuminate\\Http\\Request))
#14 /home/mediboyo/public_html/backend/mediboy/vendor/laravel/framework/src/Illuminate/Routing/Router.php(799): Illuminate\\Pipeline\\Pipeline->then(Object(Closure))
#15 /home/mediboyo/public_html/backend/mediboy/vendor/laravel/framework/src/Illuminate/Routing/Router.php(776): Illuminate\\Routing\\Router->runRouteWithinStack(Object(Illuminate\\Routing\\Route), Object(Illuminate\\Http\\Request))
#16 /home/mediboyo/public_html/backend/mediboy/vendor/laravel/framework/src/Illuminate/Routing/Router.php(740): Illuminate\\Routing\\Router->runRoute(Object(Illuminate\\Http\\Request), Object(Illuminate\\Routing\\Route))
#17 /home/mediboyo/public_html/backend/mediboy/vendor/laravel/framework/src/Illuminate/Routing/Router.php(729): Illuminate\\Routing\\Router->dispatchToRoute(Object(Illuminate\\Http\\Request))
#18 /home/mediboyo/public_html/backend/mediboy/vendor/laravel/framework/src/Illuminate/Foundation/Http/Kernel.php(190): Illuminate\\Routing\\Router->dispatch(Object(Illuminate\\Http\\Request))
#19 /home/mediboyo/public_html/backend/mediboy/vendor/laravel/framework/src/Illuminate/Pipeline/Pipeline.php(141): Illuminate\\Foundation\\Http\\Kernel->Illuminate\\Foundation\\Http\\{closure}(Object(Illuminate\\Http\\Request))
#20 /home/mediboyo/public_html/backend/mediboy/vendor/laravel/framework/src/Illuminate/Foundation/Http/Middleware/TransformsRequest.php(21): Illuminate\\Pipeline\\Pipeline->Illuminate\\Pipeline\\{closure}(Object(Illuminate\\Http\\Request))
#21 /home/mediboyo/public_html/backend/mediboy/vendor/laravel/framework/src/Illuminate/Foundation/Http/Middleware/ConvertEmptyStringsToNull.php(31): Illuminate\\Foundation\\Http\\Middleware\\TransformsRequest->handle(Object(Illuminate\\Http\\Request), Object(Closure))
#22 /home/mediboyo/public_html/backend/mediboy/vendor/laravel/framework/src/Illuminate/Pipeline/Pipeline.php(180): Illuminate\\Foundation\\Http\\Middleware\\ConvertEmptyStringsToNull->handle(Object(Illuminate\\Http\\Request), Object(Closure))
#23 /home/mediboyo/public_html/backend/mediboy/vendor/laravel/framework/src/Illuminate/Foundation/Http/Middleware/TransformsRequest.php(21): Illuminate\\Pipeline\\Pipeline->Illuminate\\Pipeline\\{closure}(Object(Illuminate\\Http\\Request))
#24 /home/mediboyo/public_html/backend/mediboy/vendor/laravel/framework/src/Illuminate/Foundation/Http/Middleware/TrimStrings.php(40): Illuminate\\Foundation\\Http\\Middleware\\TransformsRequest->handle(Object(Illuminate\\Http\\Request), Object(Closure))
#25 /home/mediboyo/public_html/backend/mediboy/vendor/laravel/framework/src/Illuminate/Pipeline/Pipeline.php(180): Illuminate\\Foundation\\Http\\Middleware\\TrimStrings->handle(Object(Illuminate\\Http\\Request), Object(Closure))
#26 /home/mediboyo/public_html/backend/mediboy/vendor/laravel/framework/src/Illuminate/Foundation/Http/Middleware/ValidatePostSize.php(27): Illuminate\\Pipeline\\Pipeline->Illuminate\\Pipeline\\{closure}(Object(Illuminate\\Http\\Request))
#27 /home/mediboyo/public_html/backend/mediboy/vendor/laravel/framework/src/Illuminate/Pipeline/Pipeline.php(180): Illuminate\\Foundation\\Http\\Middleware\\ValidatePostSize->handle(Object(Illuminate\\Http\\Request), Object(Closure))
#28 /home/mediboyo/public_html/backend/mediboy/vendor/laravel/framework/src/Illuminate/Foundation/Http/Middleware/PreventRequestsDuringMaintenance.php(86): Illuminate\\Pipeline\\Pipeline->Illuminate\\Pipeline\\{closure}(Object(Illuminate\\Http\\Request))
#29 /home/mediboyo/public_html/backend/mediboy/vendor/laravel/framework/src/Illuminate/Pipeline/Pipeline.php(180): Illuminate\\Foundation\\Http\\Middleware\\PreventRequestsDuringMaintenance->handle(Object(Illuminate\\Http\\Request), Object(Closure))
#30 /home/mediboyo/public_html/backend/mediboy/vendor/laravel/framework/src/Illuminate/Http/Middleware/HandleCors.php(49): Illuminate\\Pipeline\\Pipeline->Illuminate\\Pipeline\\{closure}(Object(Illuminate\\Http\\Request))
#31 /home/mediboyo/public_html/backend/mediboy/vendor/laravel/framework/src/Illuminate/Pipeline/Pipeline.php(180): Illuminate\\Http\\Middleware\\HandleCors->handle(Object(Illuminate\\Http\\Request), Object(Closure))
#32 /home/mediboyo/public_html/backend/mediboy/vendor/laravel/framework/src/Illuminate/Http/Middleware/TrustProxies.php(39): Illuminate\\Pipeline\\Pipeline->Illuminate\\Pipeline\\{closure}(Object(Illuminate\\Http\\Request))
#33 /home/mediboyo/public_html/backend/mediboy/vendor/laravel/framework/src/Illuminate/Pipeline/Pipeline.php(180): Illuminate\\Http\\Middleware\\TrustProxies->handle(Object(Illuminate\\Http\\Request), Object(Closure))
#34 /home/mediboyo/public_html/backend/mediboy/vendor/laravel/framework/src/Illuminate/Pipeline/Pipeline.php(116): Illuminate\\Pipeline\\Pipeline->Illuminate\\Pipeline\\{closure}(Object(Illuminate\\Http\\Request))
#35 /home/mediboyo/public_html/backend/mediboy/vendor/laravel/framework/src/Illuminate/Foundation/Http/Kernel.php(165): Illuminate\\Pipeline\\Pipeline->then(Object(Closure))
#36 /home/mediboyo/public_html/backend/mediboy/vendor/laravel/framework/src/Illuminate/Foundation/Http/Kernel.php(134): Illuminate\\Foundation\\Http\\Kernel->sendRequestThroughRouter(Object(Illuminate\\Http\\Request))
#37 /home/mediboyo/public_html/backend/mediboy/public/index.php(52): Illuminate\\Foundation\\Http\\Kernel->handle(Object(Illuminate\\Http\\Request))
#38 {main}
"} 
[2024-09-24 17:55:47] local.ERROR: View [welcome] not found. {"exception":"[object] (InvalidArgumentException(code: 0): View [welcome] not found. at /home/mediboyo/public_html/backend/mediboy/vendor/laravel/framework/src/Illuminate/View/FileViewFinder.php:137)
[stacktrace]
#0 /home/mediboyo/public_html/backend/mediboy/vendor/laravel/framework/src/Illuminate/View/FileViewFinder.php(79): Illuminate\\View\\FileViewFinder->findInPaths('welcome', Array)
#1 /home/mediboyo/public_html/backend/mediboy/vendor/laravel/framework/src/Illuminate/View/Factory.php(138): Illuminate\\View\\FileViewFinder->find('welcome')
#2 /home/mediboyo/public_html/backend/mediboy/vendor/laravel/framework/src/Illuminate/Foundation/helpers.php(1035): Illuminate\\View\\Factory->make('welcome', Array, Array)
#3 laravel-serializable-closure://function () {

    return \\view('welcome');

}(3): view('welcome')
#4 /home/mediboyo/public_html/backend/mediboy/vendor/laravel/framework/src/Illuminate/Routing/CallableDispatcher.php(40): Illuminate\\Routing\\RouteFileRegistrar::{closure}()
#5 /home/mediboyo/public_html/backend/mediboy/vendor/laravel/framework/src/Illuminate/Routing/Route.php(237): Illuminate\\Routing\\CallableDispatcher->dispatch(Object(Illuminate\\Routing\\Route), Object(Closure))
#6 /home/mediboyo/public_html/backend/mediboy/vendor/laravel/framework/src/Illuminate/Routing/Route.php(208): Illuminate\\Routing\\Route->runCallable()
#7 /home/mediboyo/public_html/backend/mediboy/vendor/laravel/framework/src/Illuminate/Routing/Router.php(798): Illuminate\\Routing\\Route->run()
#8 /home/mediboyo/public_html/backend/mediboy/vendor/laravel/framework/src/Illuminate/Pipeline/Pipeline.php(141): Illuminate\\Routing\\Router->Illuminate\\Routing\\{closure}(Object(Illuminate\\Http\\Request))
#9 /home/mediboyo/public_html/backend/mediboy/vendor/laravel/framework/src/Illuminate/Routing/Middleware/SubstituteBindings.php(50): Illuminate\\Pipeline\\Pipeline->Illuminate\\Pipeline\\{closure}(Object(Illuminate\\Http\\Request))
#10 /home/mediboyo/public_html/backend/mediboy/vendor/laravel/framework/src/Illuminate/Pipeline/Pipeline.php(180): Illuminate\\Routing\\Middleware\\SubstituteBindings->handle(Object(Illuminate\\Http\\Request), Object(Closure))
#11 /home/mediboyo/public_html/backend/mediboy/vendor/laravel/framework/src/Illuminate/Foundation/Http/Middleware/VerifyCsrfToken.php(78): Illuminate\\Pipeline\\Pipeline->Illuminate\\Pipeline\\{closure}(Object(Illuminate\\Http\\Request))
#12 /home/mediboyo/public_html/backend/mediboy/vendor/laravel/framework/src/Illuminate/Pipeline/Pipeline.php(180): Illuminate\\Foundation\\Http\\Middleware\\VerifyCsrfToken->handle(Object(Illuminate\\Http\\Request), Object(Closure))
#13 /home/mediboyo/public_html/backend/mediboy/vendor/laravel/framework/src/Illuminate/View/Middleware/ShareErrorsFromSession.php(49): Illuminate\\Pipeline\\Pipeline->Illuminate\\Pipeline\\{closure}(Object(Illuminate\\Http\\Request))
#14 /home/mediboyo/public_html/backend/mediboy/vendor/laravel/framework/src/Illuminate/Pipeline/Pipeline.php(180): Illuminate\\View\\Middleware\\ShareErrorsFromSession->handle(Object(Illuminate\\Http\\Request), Object(Closure))
#15 /home/mediboyo/public_html/backend/mediboy/vendor/laravel/framework/src/Illuminate/Session/Middleware/StartSession.php(121): Illuminate\\Pipeline\\Pipeline->Illuminate\\Pipeline\\{closure}(Object(Illuminate\\Http\\Request))
#16 /home/mediboyo/public_html/backend/mediboy/vendor/laravel/framework/src/Illuminate/Session/Middleware/StartSession.php(64): Illuminate\\Session\\Middleware\\StartSession->handleStatefulRequest(Object(Illuminate\\Http\\Request), Object(Illuminate\\Session\\Store), Object(Closure))
#17 /home/mediboyo/public_html/backend/mediboy/vendor/laravel/framework/src/Illuminate/Pipeline/Pipeline.php(180): Illuminate\\Session\\Middleware\\StartSession->handle(Object(Illuminate\\Http\\Request), Object(Closure))
#18 /home/mediboyo/public_html/backend/mediboy/vendor/laravel/framework/src/Illuminate/Cookie/Middleware/AddQueuedCookiesToResponse.php(37): Illuminate\\Pipeline\\Pipeline->Illuminate\\Pipeline\\{closure}(Object(Illuminate\\Http\\Request))
#19 /home/mediboyo/public_html/backend/mediboy/vendor/laravel/framework/src/Illuminate/Pipeline/Pipeline.php(180): Illuminate\\Cookie\\Middleware\\AddQueuedCookiesToResponse->handle(Object(Illuminate\\Http\\Request), Object(Closure))
#20 /home/mediboyo/public_html/backend/mediboy/vendor/laravel/framework/src/Illuminate/Cookie/Middleware/EncryptCookies.php(67): Illuminate\\Pipeline\\Pipeline->Illuminate\\Pipeline\\{closure}(Object(Illuminate\\Http\\Request))
#21 /home/mediboyo/public_html/backend/mediboy/vendor/laravel/framework/src/Illuminate/Pipeline/Pipeline.php(180): Illuminate\\Cookie\\Middleware\\EncryptCookies->handle(Object(Illuminate\\Http\\Request), Object(Closure))
#22 /home/mediboyo/public_html/backend/mediboy/vendor/laravel/framework/src/Illuminate/Pipeline/Pipeline.php(116): Illuminate\\Pipeline\\Pipeline->Illuminate\\Pipeline\\{closure}(Object(Illuminate\\Http\\Request))
#23 /home/mediboyo/public_html/backend/mediboy/vendor/laravel/framework/src/Illuminate/Routing/Router.php(799): Illuminate\\Pipeline\\Pipeline->then(Object(Closure))
#24 /home/mediboyo/public_html/backend/mediboy/vendor/laravel/framework/src/Illuminate/Routing/Router.php(776): Illuminate\\Routing\\Router->runRouteWithinStack(Object(Illuminate\\Routing\\Route), Object(Illuminate\\Http\\Request))
#25 /home/mediboyo/public_html/backend/mediboy/vendor/laravel/framework/src/Illuminate/Routing/Router.php(740): Illuminate\\Routing\\Router->runRoute(Object(Illuminate\\Http\\Request), Object(Illuminate\\Routing\\Route))
#26 /home/mediboyo/public_html/backend/mediboy/vendor/laravel/framework/src/Illuminate/Routing/Router.php(729): Illuminate\\Routing\\Router->dispatchToRoute(Object(Illuminate\\Http\\Request))
#27 /home/mediboyo/public_html/backend/mediboy/vendor/laravel/framework/src/Illuminate/Foundation/Http/Kernel.php(190): Illuminate\\Routing\\Router->dispatch(Object(Illuminate\\Http\\Request))
#28 /home/mediboyo/public_html/backend/mediboy/vendor/laravel/framework/src/Illuminate/Pipeline/Pipeline.php(141): Illuminate\\Foundation\\Http\\Kernel->Illuminate\\Foundation\\Http\\{closure}(Object(Illuminate\\Http\\Request))
#29 /home/mediboyo/public_html/backend/mediboy/vendor/laravel/framework/src/Illuminate/Foundation/Http/Middleware/TransformsRequest.php(21): Illuminate\\Pipeline\\Pipeline->Illuminate\\Pipeline\\{closure}(Object(Illuminate\\Http\\Request))
#30 /home/mediboyo/public_html/backend/mediboy/vendor/laravel/framework/src/Illuminate/Foundation/Http/Middleware/ConvertEmptyStringsToNull.php(31): Illuminate\\Foundation\\Http\\Middleware\\TransformsRequest->handle(Object(Illuminate\\Http\\Request), Object(Closure))
#31 /home/mediboyo/public_html/backend/mediboy/vendor/laravel/framework/src/Illuminate/Pipeline/Pipeline.php(180): Illuminate\\Foundation\\Http\\Middleware\\ConvertEmptyStringsToNull->handle(Object(Illuminate\\Http\\Request), Object(Closure))
#32 /home/mediboyo/public_html/backend/mediboy/vendor/laravel/framework/src/Illuminate/Foundation/Http/Middleware/TransformsRequest.php(21): Illuminate\\Pipeline\\Pipeline->Illuminate\\Pipeline\\{closure}(Object(Illuminate\\Http\\Request))
#33 /home/mediboyo/public_html/backend/mediboy/vendor/laravel/framework/src/Illuminate/Foundation/Http/Middleware/TrimStrings.php(40): Illuminate\\Foundation\\Http\\Middleware\\TransformsRequest->handle(Object(Illuminate\\Http\\Request), Object(Closure))
#34 /home/mediboyo/public_html/backend/mediboy/vendor/laravel/framework/src/Illuminate/Pipeline/Pipeline.php(180): Illuminate\\Foundation\\Http\\Middleware\\TrimStrings->handle(Object(Illuminate\\Http\\Request), Object(Closure))
#35 /home/mediboyo/public_html/backend/mediboy/vendor/laravel/framework/src/Illuminate/Foundation/Http/Middleware/ValidatePostSize.php(27): Illuminate\\Pipeline\\Pipeline->Illuminate\\Pipeline\\{closure}(Object(Illuminate\\Http\\Request))
#36 /home/mediboyo/public_html/backend/mediboy/vendor/laravel/framework/src/Illuminate/Pipeline/Pipeline.php(180): Illuminate\\Foundation\\Http\\Middleware\\ValidatePostSize->handle(Object(Illuminate\\Http\\Request), Object(Closure))
#37 /home/mediboyo/public_html/backend/mediboy/vendor/laravel/framework/src/Illuminate/Foundation/Http/Middleware/PreventRequestsDuringMaintenance.php(86): Illuminate\\Pipeline\\Pipeline->Illuminate\\Pipeline\\{closure}(Object(Illuminate\\Http\\Request))
#38 /home/mediboyo/public_html/backend/mediboy/vendor/laravel/framework/src/Illuminate/Pipeline/Pipeline.php(180): Illuminate\\Foundation\\Http\\Middleware\\PreventRequestsDuringMaintenance->handle(Object(Illuminate\\Http\\Request), Object(Closure))
#39 /home/mediboyo/public_html/backend/mediboy/vendor/laravel/framework/src/Illuminate/Http/Middleware/HandleCors.php(49): Illuminate\\Pipeline\\Pipeline->Illuminate\\Pipeline\\{closure}(Object(Illuminate\\Http\\Request))
#40 /home/mediboyo/public_html/backend/mediboy/vendor/laravel/framework/src/Illuminate/Pipeline/Pipeline.php(180): Illuminate\\Http\\Middleware\\HandleCors->handle(Object(Illuminate\\Http\\Request), Object(Closure))
#41 /home/mediboyo/public_html/backend/mediboy/vendor/laravel/framework/src/Illuminate/Http/Middleware/TrustProxies.php(39): Illuminate\\Pipeline\\Pipeline->Illuminate\\Pipeline\\{closure}(Object(Illuminate\\Http\\Request))
#42 /home/mediboyo/public_html/backend/mediboy/vendor/laravel/framework/src/Illuminate/Pipeline/Pipeline.php(180): Illuminate\\Http\\Middleware\\TrustProxies->handle(Object(Illuminate\\Http\\Request), Object(Closure))
#43 /home/mediboyo/public_html/backend/mediboy/vendor/laravel/framework/src/Illuminate/Pipeline/Pipeline.php(116): Illuminate\\Pipeline\\Pipeline->Illuminate\\Pipeline\\{closure}(Object(Illuminate\\Http\\Request))
#44 /home/mediboyo/public_html/backend/mediboy/vendor/laravel/framework/src/Illuminate/Foundation/Http/Kernel.php(165): Illuminate\\Pipeline\\Pipeline->then(Object(Closure))
#45 /home/mediboyo/public_html/backend/mediboy/vendor/laravel/framework/src/Illuminate/Foundation/Http/Kernel.php(134): Illuminate\\Foundation\\Http\\Kernel->sendRequestThroughRouter(Object(Illuminate\\Http\\Request))
#46 /home/mediboyo/public_html/backend/mediboy/public/index.php(52): Illuminate\\Foundation\\Http\\Kernel->handle(Object(Illuminate\\Http\\Request))
#47 {main}
"} 
[2024-09-24 17:55:47] local.ERROR: file_put_contents(C:\xampp\htdocs\mediboy\storage\framework/sessions/WMqIrkVnjJoJkU8HSfYLx244y3Y22H2GNM1mR265): Failed to open stream: No such file or directory {"exception":"[object] (ErrorException(code: 0): file_put_contents(C:\\xampp\\htdocs\\mediboy\\storage\\framework/sessions/WMqIrkVnjJoJkU8HSfYLx244y3Y22H2GNM1mR265): Failed to open stream: No such file or directory at /home/mediboyo/public_html/backend/mediboy/vendor/laravel/framework/src/Illuminate/Filesystem/Filesystem.php:190)
[stacktrace]
#0 /home/mediboyo/public_html/backend/mediboy/vendor/laravel/framework/src/Illuminate/Foundation/Bootstrap/HandleExceptions.php(270): Illuminate\\Foundation\\Bootstrap\\HandleExceptions->handleError(2, 'file_put_conten...', '/home/mediboyo/...', 190)
#1 [internal function]: Illuminate\\Foundation\\Bootstrap\\HandleExceptions->Illuminate\\Foundation\\Bootstrap\\{closure}(2, 'file_put_conten...', '/home/mediboyo/...', 190)
#2 /home/mediboyo/public_html/backend/mediboy/vendor/laravel/framework/src/Illuminate/Filesystem/Filesystem.php(190): file_put_contents('C:\\\\xampp\\\\htdocs...', 'a:3:{s:6:\"_toke...', 2)
#3 /home/mediboyo/public_html/backend/mediboy/vendor/laravel/framework/src/Illuminate/Session/FileSessionHandler.php(90): Illuminate\\Filesystem\\Filesystem->put('C:\\\\xampp\\\\htdocs...', 'a:3:{s:6:\"_toke...', true)
#4 /home/mediboyo/public_html/backend/mediboy/vendor/laravel/framework/src/Illuminate/Session/Store.php(173): Illuminate\\Session\\FileSessionHandler->write('WMqIrkVnjJoJkU8...', 'a:3:{s:6:\"_toke...')
#5 /home/mediboyo/public_html/backend/mediboy/vendor/laravel/framework/src/Illuminate/Session/Middleware/StartSession.php(238): Illuminate\\Session\\Store->save()
#6 /home/mediboyo/public_html/backend/mediboy/vendor/laravel/framework/src/Illuminate/Session/Middleware/StartSession.php(130): Illuminate\\Session\\Middleware\\StartSession->saveSession(Object(Illuminate\\Http\\Request))
#7 /home/mediboyo/public_html/backend/mediboy/vendor/laravel/framework/src/Illuminate/Session/Middleware/StartSession.php(64): Illuminate\\Session\\Middleware\\StartSession->handleStatefulRequest(Object(Illuminate\\Http\\Request), Object(Illuminate\\Session\\Store), Object(Closure))
#8 /home/mediboyo/public_html/backend/mediboy/vendor/laravel/framework/src/Illuminate/Pipeline/Pipeline.php(180): Illuminate\\Session\\Middleware\\StartSession->handle(Object(Illuminate\\Http\\Request), Object(Closure))
#9 /home/mediboyo/public_html/backend/mediboy/vendor/laravel/framework/src/Illuminate/Cookie/Middleware/AddQueuedCookiesToResponse.php(37): Illuminate\\Pipeline\\Pipeline->Illuminate\\Pipeline\\{closure}(Object(Illuminate\\Http\\Request))
#10 /home/mediboyo/public_html/backend/mediboy/vendor/laravel/framework/src/Illuminate/Pipeline/Pipeline.php(180): Illuminate\\Cookie\\Middleware\\AddQueuedCookiesToResponse->handle(Object(Illuminate\\Http\\Request), Object(Closure))
#11 /home/mediboyo/public_html/backend/mediboy/vendor/laravel/framework/src/Illuminate/Cookie/Middleware/EncryptCookies.php(67): Illuminate\\Pipeline\\Pipeline->Illuminate\\Pipeline\\{closure}(Object(Illuminate\\Http\\Request))
#12 /home/mediboyo/public_html/backend/mediboy/vendor/laravel/framework/src/Illuminate/Pipeline/Pipeline.php(180): Illuminate\\Cookie\\Middleware\\EncryptCookies->handle(Object(Illuminate\\Http\\Request), Object(Closure))
#13 /home/mediboyo/public_html/backend/mediboy/vendor/laravel/framework/src/Illuminate/Pipeline/Pipeline.php(116): Illuminate\\Pipeline\\Pipeline->Illuminate\\Pipeline\\{closure}(Object(Illuminate\\Http\\Request))
#14 /home/mediboyo/public_html/backend/mediboy/vendor/laravel/framework/src/Illuminate/Routing/Router.php(799): Illuminate\\Pipeline\\Pipeline->then(Object(Closure))
#15 /home/mediboyo/public_html/backend/mediboy/vendor/laravel/framework/src/Illuminate/Routing/Router.php(776): Illuminate\\Routing\\Router->runRouteWithinStack(Object(Illuminate\\Routing\\Route), Object(Illuminate\\Http\\Request))
#16 /home/mediboyo/public_html/backend/mediboy/vendor/laravel/framework/src/Illuminate/Routing/Router.php(740): Illuminate\\Routing\\Router->runRoute(Object(Illuminate\\Http\\Request), Object(Illuminate\\Routing\\Route))
#17 /home/mediboyo/public_html/backend/mediboy/vendor/laravel/framework/src/Illuminate/Routing/Router.php(729): Illuminate\\Routing\\Router->dispatchToRoute(Object(Illuminate\\Http\\Request))
#18 /home/mediboyo/public_html/backend/mediboy/vendor/laravel/framework/src/Illuminate/Foundation/Http/Kernel.php(190): Illuminate\\Routing\\Router->dispatch(Object(Illuminate\\Http\\Request))
#19 /home/mediboyo/public_html/backend/mediboy/vendor/laravel/framework/src/Illuminate/Pipeline/Pipeline.php(141): Illuminate\\Foundation\\Http\\Kernel->Illuminate\\Foundation\\Http\\{closure}(Object(Illuminate\\Http\\Request))
#20 /home/mediboyo/public_html/backend/mediboy/vendor/laravel/framework/src/Illuminate/Foundation/Http/Middleware/TransformsRequest.php(21): Illuminate\\Pipeline\\Pipeline->Illuminate\\Pipeline\\{closure}(Object(Illuminate\\Http\\Request))
#21 /home/mediboyo/public_html/backend/mediboy/vendor/laravel/framework/src/Illuminate/Foundation/Http/Middleware/ConvertEmptyStringsToNull.php(31): Illuminate\\Foundation\\Http\\Middleware\\TransformsRequest->handle(Object(Illuminate\\Http\\Request), Object(Closure))
#22 /home/mediboyo/public_html/backend/mediboy/vendor/laravel/framework/src/Illuminate/Pipeline/Pipeline.php(180): Illuminate\\Foundation\\Http\\Middleware\\ConvertEmptyStringsToNull->handle(Object(Illuminate\\Http\\Request), Object(Closure))
#23 /home/mediboyo/public_html/backend/mediboy/vendor/laravel/framework/src/Illuminate/Foundation/Http/Middleware/TransformsRequest.php(21): Illuminate\\Pipeline\\Pipeline->Illuminate\\Pipeline\\{closure}(Object(Illuminate\\Http\\Request))
#24 /home/mediboyo/public_html/backend/mediboy/vendor/laravel/framework/src/Illuminate/Foundation/Http/Middleware/TrimStrings.php(40): Illuminate\\Foundation\\Http\\Middleware\\TransformsRequest->handle(Object(Illuminate\\Http\\Request), Object(Closure))
#25 /home/mediboyo/public_html/backend/mediboy/vendor/laravel/framework/src/Illuminate/Pipeline/Pipeline.php(180): Illuminate\\Foundation\\Http\\Middleware\\TrimStrings->handle(Object(Illuminate\\Http\\Request), Object(Closure))
#26 /home/mediboyo/public_html/backend/mediboy/vendor/laravel/framework/src/Illuminate/Foundation/Http/Middleware/ValidatePostSize.php(27): Illuminate\\Pipeline\\Pipeline->Illuminate\\Pipeline\\{closure}(Object(Illuminate\\Http\\Request))
#27 /home/mediboyo/public_html/backend/mediboy/vendor/laravel/framework/src/Illuminate/Pipeline/Pipeline.php(180): Illuminate\\Foundation\\Http\\Middleware\\ValidatePostSize->handle(Object(Illuminate\\Http\\Request), Object(Closure))
#28 /home/mediboyo/public_html/backend/mediboy/vendor/laravel/framework/src/Illuminate/Foundation/Http/Middleware/PreventRequestsDuringMaintenance.php(86): Illuminate\\Pipeline\\Pipeline->Illuminate\\Pipeline\\{closure}(Object(Illuminate\\Http\\Request))
#29 /home/mediboyo/public_html/backend/mediboy/vendor/laravel/framework/src/Illuminate/Pipeline/Pipeline.php(180): Illuminate\\Foundation\\Http\\Middleware\\PreventRequestsDuringMaintenance->handle(Object(Illuminate\\Http\\Request), Object(Closure))
#30 /home/mediboyo/public_html/backend/mediboy/vendor/laravel/framework/src/Illuminate/Http/Middleware/HandleCors.php(49): Illuminate\\Pipeline\\Pipeline->Illuminate\\Pipeline\\{closure}(Object(Illuminate\\Http\\Request))
#31 /home/mediboyo/public_html/backend/mediboy/vendor/laravel/framework/src/Illuminate/Pipeline/Pipeline.php(180): Illuminate\\Http\\Middleware\\HandleCors->handle(Object(Illuminate\\Http\\Request), Object(Closure))
#32 /home/mediboyo/public_html/backend/mediboy/vendor/laravel/framework/src/Illuminate/Http/Middleware/TrustProxies.php(39): Illuminate\\Pipeline\\Pipeline->Illuminate\\Pipeline\\{closure}(Object(Illuminate\\Http\\Request))
#33 /home/mediboyo/public_html/backend/mediboy/vendor/laravel/framework/src/Illuminate/Pipeline/Pipeline.php(180): Illuminate\\Http\\Middleware\\TrustProxies->handle(Object(Illuminate\\Http\\Request), Object(Closure))
#34 /home/mediboyo/public_html/backend/mediboy/vendor/laravel/framework/src/Illuminate/Pipeline/Pipeline.php(116): Illuminate\\Pipeline\\Pipeline->Illuminate\\Pipeline\\{closure}(Object(Illuminate\\Http\\Request))
#35 /home/mediboyo/public_html/backend/mediboy/vendor/laravel/framework/src/Illuminate/Foundation/Http/Kernel.php(165): Illuminate\\Pipeline\\Pipeline->then(Object(Closure))
#36 /home/mediboyo/public_html/backend/mediboy/vendor/laravel/framework/src/Illuminate/Foundation/Http/Kernel.php(134): Illuminate\\Foundation\\Http\\Kernel->sendRequestThroughRouter(Object(Illuminate\\Http\\Request))
#37 /home/mediboyo/public_html/backend/mediboy/public/index.php(52): Illuminate\\Foundation\\Http\\Kernel->handle(Object(Illuminate\\Http\\Request))
#38 {main}
"} 
[2024-09-24 17:55:47] local.ERROR: View [welcome] not found. {"exception":"[object] (InvalidArgumentException(code: 0): View [welcome] not found. at /home/mediboyo/public_html/backend/mediboy/vendor/laravel/framework/src/Illuminate/View/FileViewFinder.php:137)
[stacktrace]
#0 /home/mediboyo/public_html/backend/mediboy/vendor/laravel/framework/src/Illuminate/View/FileViewFinder.php(79): Illuminate\\View\\FileViewFinder->findInPaths('welcome', Array)
#1 /home/mediboyo/public_html/backend/mediboy/vendor/laravel/framework/src/Illuminate/View/Factory.php(138): Illuminate\\View\\FileViewFinder->find('welcome')
#2 /home/mediboyo/public_html/backend/mediboy/vendor/laravel/framework/src/Illuminate/Foundation/helpers.php(1035): Illuminate\\View\\Factory->make('welcome', Array, Array)
#3 laravel-serializable-closure://function () {

    return \\view('welcome');

}(3): view('welcome')
#4 /home/mediboyo/public_html/backend/mediboy/vendor/laravel/framework/src/Illuminate/Routing/CallableDispatcher.php(40): Illuminate\\Routing\\RouteFileRegistrar::{closure}()
#5 /home/mediboyo/public_html/backend/mediboy/vendor/laravel/framework/src/Illuminate/Routing/Route.php(237): Illuminate\\Routing\\CallableDispatcher->dispatch(Object(Illuminate\\Routing\\Route), Object(Closure))
#6 /home/mediboyo/public_html/backend/mediboy/vendor/laravel/framework/src/Illuminate/Routing/Route.php(208): Illuminate\\Routing\\Route->runCallable()
#7 /home/mediboyo/public_html/backend/mediboy/vendor/laravel/framework/src/Illuminate/Routing/Router.php(798): Illuminate\\Routing\\Route->run()
#8 /home/mediboyo/public_html/backend/mediboy/vendor/laravel/framework/src/Illuminate/Pipeline/Pipeline.php(141): Illuminate\\Routing\\Router->Illuminate\\Routing\\{closure}(Object(Illuminate\\Http\\Request))
#9 /home/mediboyo/public_html/backend/mediboy/vendor/laravel/framework/src/Illuminate/Routing/Middleware/SubstituteBindings.php(50): Illuminate\\Pipeline\\Pipeline->Illuminate\\Pipeline\\{closure}(Object(Illuminate\\Http\\Request))
#10 /home/mediboyo/public_html/backend/mediboy/vendor/laravel/framework/src/Illuminate/Pipeline/Pipeline.php(180): Illuminate\\Routing\\Middleware\\SubstituteBindings->handle(Object(Illuminate\\Http\\Request), Object(Closure))
#11 /home/mediboyo/public_html/backend/mediboy/vendor/laravel/framework/src/Illuminate/Foundation/Http/Middleware/VerifyCsrfToken.php(78): Illuminate\\Pipeline\\Pipeline->Illuminate\\Pipeline\\{closure}(Object(Illuminate\\Http\\Request))
#12 /home/mediboyo/public_html/backend/mediboy/vendor/laravel/framework/src/Illuminate/Pipeline/Pipeline.php(180): Illuminate\\Foundation\\Http\\Middleware\\VerifyCsrfToken->handle(Object(Illuminate\\Http\\Request), Object(Closure))
#13 /home/mediboyo/public_html/backend/mediboy/vendor/laravel/framework/src/Illuminate/View/Middleware/ShareErrorsFromSession.php(49): Illuminate\\Pipeline\\Pipeline->Illuminate\\Pipeline\\{closure}(Object(Illuminate\\Http\\Request))
#14 /home/mediboyo/public_html/backend/mediboy/vendor/laravel/framework/src/Illuminate/Pipeline/Pipeline.php(180): Illuminate\\View\\Middleware\\ShareErrorsFromSession->handle(Object(Illuminate\\Http\\Request), Object(Closure))
#15 /home/mediboyo/public_html/backend/mediboy/vendor/laravel/framework/src/Illuminate/Session/Middleware/StartSession.php(121): Illuminate\\Pipeline\\Pipeline->Illuminate\\Pipeline\\{closure}(Object(Illuminate\\Http\\Request))
#16 /home/mediboyo/public_html/backend/mediboy/vendor/laravel/framework/src/Illuminate/Session/Middleware/StartSession.php(64): Illuminate\\Session\\Middleware\\StartSession->handleStatefulRequest(Object(Illuminate\\Http\\Request), Object(Illuminate\\Session\\Store), Object(Closure))
#17 /home/mediboyo/public_html/backend/mediboy/vendor/laravel/framework/src/Illuminate/Pipeline/Pipeline.php(180): Illuminate\\Session\\Middleware\\StartSession->handle(Object(Illuminate\\Http\\Request), Object(Closure))
#18 /home/mediboyo/public_html/backend/mediboy/vendor/laravel/framework/src/Illuminate/Cookie/Middleware/AddQueuedCookiesToResponse.php(37): Illuminate\\Pipeline\\Pipeline->Illuminate\\Pipeline\\{closure}(Object(Illuminate\\Http\\Request))
#19 /home/mediboyo/public_html/backend/mediboy/vendor/laravel/framework/src/Illuminate/Pipeline/Pipeline.php(180): Illuminate\\Cookie\\Middleware\\AddQueuedCookiesToResponse->handle(Object(Illuminate\\Http\\Request), Object(Closure))
#20 /home/mediboyo/public_html/backend/mediboy/vendor/laravel/framework/src/Illuminate/Cookie/Middleware/EncryptCookies.php(67): Illuminate\\Pipeline\\Pipeline->Illuminate\\Pipeline\\{closure}(Object(Illuminate\\Http\\Request))
#21 /home/mediboyo/public_html/backend/mediboy/vendor/laravel/framework/src/Illuminate/Pipeline/Pipeline.php(180): Illuminate\\Cookie\\Middleware\\EncryptCookies->handle(Object(Illuminate\\Http\\Request), Object(Closure))
#22 /home/mediboyo/public_html/backend/mediboy/vendor/laravel/framework/src/Illuminate/Pipeline/Pipeline.php(116): Illuminate\\Pipeline\\Pipeline->Illuminate\\Pipeline\\{closure}(Object(Illuminate\\Http\\Request))
#23 /home/mediboyo/public_html/backend/mediboy/vendor/laravel/framework/src/Illuminate/Routing/Router.php(799): Illuminate\\Pipeline\\Pipeline->then(Object(Closure))
#24 /home/mediboyo/public_html/backend/mediboy/vendor/laravel/framework/src/Illuminate/Routing/Router.php(776): Illuminate\\Routing\\Router->runRouteWithinStack(Object(Illuminate\\Routing\\Route), Object(Illuminate\\Http\\Request))
#25 /home/mediboyo/public_html/backend/mediboy/vendor/laravel/framework/src/Illuminate/Routing/Router.php(740): Illuminate\\Routing\\Router->runRoute(Object(Illuminate\\Http\\Request), Object(Illuminate\\Routing\\Route))
#26 /home/mediboyo/public_html/backend/mediboy/vendor/laravel/framework/src/Illuminate/Routing/Router.php(729): Illuminate\\Routing\\Router->dispatchToRoute(Object(Illuminate\\Http\\Request))
#27 /home/mediboyo/public_html/backend/mediboy/vendor/laravel/framework/src/Illuminate/Foundation/Http/Kernel.php(190): Illuminate\\Routing\\Router->dispatch(Object(Illuminate\\Http\\Request))
#28 /home/mediboyo/public_html/backend/mediboy/vendor/laravel/framework/src/Illuminate/Pipeline/Pipeline.php(141): Illuminate\\Foundation\\Http\\Kernel->Illuminate\\Foundation\\Http\\{closure}(Object(Illuminate\\Http\\Request))
#29 /home/mediboyo/public_html/backend/mediboy/vendor/laravel/framework/src/Illuminate/Foundation/Http/Middleware/TransformsRequest.php(21): Illuminate\\Pipeline\\Pipeline->Illuminate\\Pipeline\\{closure}(Object(Illuminate\\Http\\Request))
#30 /home/mediboyo/public_html/backend/mediboy/vendor/laravel/framework/src/Illuminate/Foundation/Http/Middleware/ConvertEmptyStringsToNull.php(31): Illuminate\\Foundation\\Http\\Middleware\\TransformsRequest->handle(Object(Illuminate\\Http\\Request), Object(Closure))
#31 /home/mediboyo/public_html/backend/mediboy/vendor/laravel/framework/src/Illuminate/Pipeline/Pipeline.php(180): Illuminate\\Foundation\\Http\\Middleware\\ConvertEmptyStringsToNull->handle(Object(Illuminate\\Http\\Request), Object(Closure))
#32 /home/mediboyo/public_html/backend/mediboy/vendor/laravel/framework/src/Illuminate/Foundation/Http/Middleware/TransformsRequest.php(21): Illuminate\\Pipeline\\Pipeline->Illuminate\\Pipeline\\{closure}(Object(Illuminate\\Http\\Request))
#33 /home/mediboyo/public_html/backend/mediboy/vendor/laravel/framework/src/Illuminate/Foundation/Http/Middleware/TrimStrings.php(40): Illuminate\\Foundation\\Http\\Middleware\\TransformsRequest->handle(Object(Illuminate\\Http\\Request), Object(Closure))
#34 /home/mediboyo/public_html/backend/mediboy/vendor/laravel/framework/src/Illuminate/Pipeline/Pipeline.php(180): Illuminate\\Foundation\\Http\\Middleware\\TrimStrings->handle(Object(Illuminate\\Http\\Request), Object(Closure))
#35 /home/mediboyo/public_html/backend/mediboy/vendor/laravel/framework/src/Illuminate/Foundation/Http/Middleware/ValidatePostSize.php(27): Illuminate\\Pipeline\\Pipeline->Illuminate\\Pipeline\\{closure}(Object(Illuminate\\Http\\Request))
#36 /home/mediboyo/public_html/backend/mediboy/vendor/laravel/framework/src/Illuminate/Pipeline/Pipeline.php(180): Illuminate\\Foundation\\Http\\Middleware\\ValidatePostSize->handle(Object(Illuminate\\Http\\Request), Object(Closure))
#37 /home/mediboyo/public_html/backend/mediboy/vendor/laravel/framework/src/Illuminate/Foundation/Http/Middleware/PreventRequestsDuringMaintenance.php(86): Illuminate\\Pipeline\\Pipeline->Illuminate\\Pipeline\\{closure}(Object(Illuminate\\Http\\Request))
#38 /home/mediboyo/public_html/backend/mediboy/vendor/laravel/framework/src/Illuminate/Pipeline/Pipeline.php(180): Illuminate\\Foundation\\Http\\Middleware\\PreventRequestsDuringMaintenance->handle(Object(Illuminate\\Http\\Request), Object(Closure))
#39 /home/mediboyo/public_html/backend/mediboy/vendor/laravel/framework/src/Illuminate/Http/Middleware/HandleCors.php(49): Illuminate\\Pipeline\\Pipeline->Illuminate\\Pipeline\\{closure}(Object(Illuminate\\Http\\Request))
#40 /home/mediboyo/public_html/backend/mediboy/vendor/laravel/framework/src/Illuminate/Pipeline/Pipeline.php(180): Illuminate\\Http\\Middleware\\HandleCors->handle(Object(Illuminate\\Http\\Request), Object(Closure))
#41 /home/mediboyo/public_html/backend/mediboy/vendor/laravel/framework/src/Illuminate/Http/Middleware/TrustProxies.php(39): Illuminate\\Pipeline\\Pipeline->Illuminate\\Pipeline\\{closure}(Object(Illuminate\\Http\\Request))
#42 /home/mediboyo/public_html/backend/mediboy/vendor/laravel/framework/src/Illuminate/Pipeline/Pipeline.php(180): Illuminate\\Http\\Middleware\\TrustProxies->handle(Object(Illuminate\\Http\\Request), Object(Closure))
#43 /home/mediboyo/public_html/backend/mediboy/vendor/laravel/framework/src/Illuminate/Pipeline/Pipeline.php(116): Illuminate\\Pipeline\\Pipeline->Illuminate\\Pipeline\\{closure}(Object(Illuminate\\Http\\Request))
#44 /home/mediboyo/public_html/backend/mediboy/vendor/laravel/framework/src/Illuminate/Foundation/Http/Kernel.php(165): Illuminate\\Pipeline\\Pipeline->then(Object(Closure))
#45 /home/mediboyo/public_html/backend/mediboy/vendor/laravel/framework/src/Illuminate/Foundation/Http/Kernel.php(134): Illuminate\\Foundation\\Http\\Kernel->sendRequestThroughRouter(Object(Illuminate\\Http\\Request))
#46 /home/mediboyo/public_html/backend/mediboy/public/index.php(52): Illuminate\\Foundation\\Http\\Kernel->handle(Object(Illuminate\\Http\\Request))
#47 {main}
"} 
[2024-09-24 17:55:47] local.ERROR: file_put_contents(C:\xampp\htdocs\mediboy\storage\framework/sessions/XzQhiLrJh45Y8zxb83D12vLP5YIW22Dsg7rWoqLQ): Failed to open stream: No such file or directory {"exception":"[object] (ErrorException(code: 0): file_put_contents(C:\\xampp\\htdocs\\mediboy\\storage\\framework/sessions/XzQhiLrJh45Y8zxb83D12vLP5YIW22Dsg7rWoqLQ): Failed to open stream: No such file or directory at /home/mediboyo/public_html/backend/mediboy/vendor/laravel/framework/src/Illuminate/Filesystem/Filesystem.php:190)
[stacktrace]
#0 /home/mediboyo/public_html/backend/mediboy/vendor/laravel/framework/src/Illuminate/Foundation/Bootstrap/HandleExceptions.php(270): Illuminate\\Foundation\\Bootstrap\\HandleExceptions->handleError(2, 'file_put_conten...', '/home/mediboyo/...', 190)
#1 [internal function]: Illuminate\\Foundation\\Bootstrap\\HandleExceptions->Illuminate\\Foundation\\Bootstrap\\{closure}(2, 'file_put_conten...', '/home/mediboyo/...', 190)
#2 /home/mediboyo/public_html/backend/mediboy/vendor/laravel/framework/src/Illuminate/Filesystem/Filesystem.php(190): file_put_contents('C:\\\\xampp\\\\htdocs...', 'a:3:{s:6:\"_toke...', 2)
#3 /home/mediboyo/public_html/backend/mediboy/vendor/laravel/framework/src/Illuminate/Session/FileSessionHandler.php(90): Illuminate\\Filesystem\\Filesystem->put('C:\\\\xampp\\\\htdocs...', 'a:3:{s:6:\"_toke...', true)
#4 /home/mediboyo/public_html/backend/mediboy/vendor/laravel/framework/src/Illuminate/Session/Store.php(173): Illuminate\\Session\\FileSessionHandler->write('XzQhiLrJh45Y8zx...', 'a:3:{s:6:\"_toke...')
#5 /home/mediboyo/public_html/backend/mediboy/vendor/laravel/framework/src/Illuminate/Session/Middleware/StartSession.php(238): Illuminate\\Session\\Store->save()
#6 /home/mediboyo/public_html/backend/mediboy/vendor/laravel/framework/src/Illuminate/Session/Middleware/StartSession.php(130): Illuminate\\Session\\Middleware\\StartSession->saveSession(Object(Illuminate\\Http\\Request))
#7 /home/mediboyo/public_html/backend/mediboy/vendor/laravel/framework/src/Illuminate/Session/Middleware/StartSession.php(64): Illuminate\\Session\\Middleware\\StartSession->handleStatefulRequest(Object(Illuminate\\Http\\Request), Object(Illuminate\\Session\\Store), Object(Closure))
#8 /home/mediboyo/public_html/backend/mediboy/vendor/laravel/framework/src/Illuminate/Pipeline/Pipeline.php(180): Illuminate\\Session\\Middleware\\StartSession->handle(Object(Illuminate\\Http\\Request), Object(Closure))
#9 /home/mediboyo/public_html/backend/mediboy/vendor/laravel/framework/src/Illuminate/Cookie/Middleware/AddQueuedCookiesToResponse.php(37): Illuminate\\Pipeline\\Pipeline->Illuminate\\Pipeline\\{closure}(Object(Illuminate\\Http\\Request))
#10 /home/mediboyo/public_html/backend/mediboy/vendor/laravel/framework/src/Illuminate/Pipeline/Pipeline.php(180): Illuminate\\Cookie\\Middleware\\AddQueuedCookiesToResponse->handle(Object(Illuminate\\Http\\Request), Object(Closure))
#11 /home/mediboyo/public_html/backend/mediboy/vendor/laravel/framework/src/Illuminate/Cookie/Middleware/EncryptCookies.php(67): Illuminate\\Pipeline\\Pipeline->Illuminate\\Pipeline\\{closure}(Object(Illuminate\\Http\\Request))
#12 /home/mediboyo/public_html/backend/mediboy/vendor/laravel/framework/src/Illuminate/Pipeline/Pipeline.php(180): Illuminate\\Cookie\\Middleware\\EncryptCookies->handle(Object(Illuminate\\Http\\Request), Object(Closure))
#13 /home/mediboyo/public_html/backend/mediboy/vendor/laravel/framework/src/Illuminate/Pipeline/Pipeline.php(116): Illuminate\\Pipeline\\Pipeline->Illuminate\\Pipeline\\{closure}(Object(Illuminate\\Http\\Request))
#14 /home/mediboyo/public_html/backend/mediboy/vendor/laravel/framework/src/Illuminate/Routing/Router.php(799): Illuminate\\Pipeline\\Pipeline->then(Object(Closure))
#15 /home/mediboyo/public_html/backend/mediboy/vendor/laravel/framework/src/Illuminate/Routing/Router.php(776): Illuminate\\Routing\\Router->runRouteWithinStack(Object(Illuminate\\Routing\\Route), Object(Illuminate\\Http\\Request))
#16 /home/mediboyo/public_html/backend/mediboy/vendor/laravel/framework/src/Illuminate/Routing/Router.php(740): Illuminate\\Routing\\Router->runRoute(Object(Illuminate\\Http\\Request), Object(Illuminate\\Routing\\Route))
#17 /home/mediboyo/public_html/backend/mediboy/vendor/laravel/framework/src/Illuminate/Routing/Router.php(729): Illuminate\\Routing\\Router->dispatchToRoute(Object(Illuminate\\Http\\Request))
#18 /home/mediboyo/public_html/backend/mediboy/vendor/laravel/framework/src/Illuminate/Foundation/Http/Kernel.php(190): Illuminate\\Routing\\Router->dispatch(Object(Illuminate\\Http\\Request))
#19 /home/mediboyo/public_html/backend/mediboy/vendor/laravel/framework/src/Illuminate/Pipeline/Pipeline.php(141): Illuminate\\Foundation\\Http\\Kernel->Illuminate\\Foundation\\Http\\{closure}(Object(Illuminate\\Http\\Request))
#20 /home/mediboyo/public_html/backend/mediboy/vendor/laravel/framework/src/Illuminate/Foundation/Http/Middleware/TransformsRequest.php(21): Illuminate\\Pipeline\\Pipeline->Illuminate\\Pipeline\\{closure}(Object(Illuminate\\Http\\Request))
#21 /home/mediboyo/public_html/backend/mediboy/vendor/laravel/framework/src/Illuminate/Foundation/Http/Middleware/ConvertEmptyStringsToNull.php(31): Illuminate\\Foundation\\Http\\Middleware\\TransformsRequest->handle(Object(Illuminate\\Http\\Request), Object(Closure))
#22 /home/mediboyo/public_html/backend/mediboy/vendor/laravel/framework/src/Illuminate/Pipeline/Pipeline.php(180): Illuminate\\Foundation\\Http\\Middleware\\ConvertEmptyStringsToNull->handle(Object(Illuminate\\Http\\Request), Object(Closure))
#23 /home/mediboyo/public_html/backend/mediboy/vendor/laravel/framework/src/Illuminate/Foundation/Http/Middleware/TransformsRequest.php(21): Illuminate\\Pipeline\\Pipeline->Illuminate\\Pipeline\\{closure}(Object(Illuminate\\Http\\Request))
#24 /home/mediboyo/public_html/backend/mediboy/vendor/laravel/framework/src/Illuminate/Foundation/Http/Middleware/TrimStrings.php(40): Illuminate\\Foundation\\Http\\Middleware\\TransformsRequest->handle(Object(Illuminate\\Http\\Request), Object(Closure))
#25 /home/mediboyo/public_html/backend/mediboy/vendor/laravel/framework/src/Illuminate/Pipeline/Pipeline.php(180): Illuminate\\Foundation\\Http\\Middleware\\TrimStrings->handle(Object(Illuminate\\Http\\Request), Object(Closure))
#26 /home/mediboyo/public_html/backend/mediboy/vendor/laravel/framework/src/Illuminate/Foundation/Http/Middleware/ValidatePostSize.php(27): Illuminate\\Pipeline\\Pipeline->Illuminate\\Pipeline\\{closure}(Object(Illuminate\\Http\\Request))
#27 /home/mediboyo/public_html/backend/mediboy/vendor/laravel/framework/src/Illuminate/Pipeline/Pipeline.php(180): Illuminate\\Foundation\\Http\\Middleware\\ValidatePostSize->handle(Object(Illuminate\\Http\\Request), Object(Closure))
#28 /home/mediboyo/public_html/backend/mediboy/vendor/laravel/framework/src/Illuminate/Foundation/Http/Middleware/PreventRequestsDuringMaintenance.php(86): Illuminate\\Pipeline\\Pipeline->Illuminate\\Pipeline\\{closure}(Object(Illuminate\\Http\\Request))
#29 /home/mediboyo/public_html/backend/mediboy/vendor/laravel/framework/src/Illuminate/Pipeline/Pipeline.php(180): Illuminate\\Foundation\\Http\\Middleware\\PreventRequestsDuringMaintenance->handle(Object(Illuminate\\Http\\Request), Object(Closure))
#30 /home/mediboyo/public_html/backend/mediboy/vendor/laravel/framework/src/Illuminate/Http/Middleware/HandleCors.php(49): Illuminate\\Pipeline\\Pipeline->Illuminate\\Pipeline\\{closure}(Object(Illuminate\\Http\\Request))
#31 /home/mediboyo/public_html/backend/mediboy/vendor/laravel/framework/src/Illuminate/Pipeline/Pipeline.php(180): Illuminate\\Http\\Middleware\\HandleCors->handle(Object(Illuminate\\Http\\Request), Object(Closure))
#32 /home/mediboyo/public_html/backend/mediboy/vendor/laravel/framework/src/Illuminate/Http/Middleware/TrustProxies.php(39): Illuminate\\Pipeline\\Pipeline->Illuminate\\Pipeline\\{closure}(Object(Illuminate\\Http\\Request))
#33 /home/mediboyo/public_html/backend/mediboy/vendor/laravel/framework/src/Illuminate/Pipeline/Pipeline.php(180): Illuminate\\Http\\Middleware\\TrustProxies->handle(Object(Illuminate\\Http\\Request), Object(Closure))
#34 /home/mediboyo/public_html/backend/mediboy/vendor/laravel/framework/src/Illuminate/Pipeline/Pipeline.php(116): Illuminate\\Pipeline\\Pipeline->Illuminate\\Pipeline\\{closure}(Object(Illuminate\\Http\\Request))
#35 /home/mediboyo/public_html/backend/mediboy/vendor/laravel/framework/src/Illuminate/Foundation/Http/Kernel.php(165): Illuminate\\Pipeline\\Pipeline->then(Object(Closure))
#36 /home/mediboyo/public_html/backend/mediboy/vendor/laravel/framework/src/Illuminate/Foundation/Http/Kernel.php(134): Illuminate\\Foundation\\Http\\Kernel->sendRequestThroughRouter(Object(Illuminate\\Http\\Request))
#37 /home/mediboyo/public_html/backend/mediboy/public/index.php(52): Illuminate\\Foundation\\Http\\Kernel->handle(Object(Illuminate\\Http\\Request))
#38 {main}
"} 
[2024-09-24 17:55:47] local.ERROR: View [welcome] not found. {"exception":"[object] (InvalidArgumentException(code: 0): View [welcome] not found. at /home/mediboyo/public_html/backend/mediboy/vendor/laravel/framework/src/Illuminate/View/FileViewFinder.php:137)
[stacktrace]
#0 /home/mediboyo/public_html/backend/mediboy/vendor/laravel/framework/src/Illuminate/View/FileViewFinder.php(79): Illuminate\\View\\FileViewFinder->findInPaths('welcome', Array)
#1 /home/mediboyo/public_html/backend/mediboy/vendor/laravel/framework/src/Illuminate/View/Factory.php(138): Illuminate\\View\\FileViewFinder->find('welcome')
#2 /home/mediboyo/public_html/backend/mediboy/vendor/laravel/framework/src/Illuminate/Foundation/helpers.php(1035): Illuminate\\View\\Factory->make('welcome', Array, Array)
#3 laravel-serializable-closure://function () {

    return \\view('welcome');

}(3): view('welcome')
#4 /home/mediboyo/public_html/backend/mediboy/vendor/laravel/framework/src/Illuminate/Routing/CallableDispatcher.php(40): Illuminate\\Routing\\RouteFileRegistrar::{closure}()
#5 /home/mediboyo/public_html/backend/mediboy/vendor/laravel/framework/src/Illuminate/Routing/Route.php(237): Illuminate\\Routing\\CallableDispatcher->dispatch(Object(Illuminate\\Routing\\Route), Object(Closure))
#6 /home/mediboyo/public_html/backend/mediboy/vendor/laravel/framework/src/Illuminate/Routing/Route.php(208): Illuminate\\Routing\\Route->runCallable()
#7 /home/mediboyo/public_html/backend/mediboy/vendor/laravel/framework/src/Illuminate/Routing/Router.php(798): Illuminate\\Routing\\Route->run()
#8 /home/mediboyo/public_html/backend/mediboy/vendor/laravel/framework/src/Illuminate/Pipeline/Pipeline.php(141): Illuminate\\Routing\\Router->Illuminate\\Routing\\{closure}(Object(Illuminate\\Http\\Request))
#9 /home/mediboyo/public_html/backend/mediboy/vendor/laravel/framework/src/Illuminate/Routing/Middleware/SubstituteBindings.php(50): Illuminate\\Pipeline\\Pipeline->Illuminate\\Pipeline\\{closure}(Object(Illuminate\\Http\\Request))
#10 /home/mediboyo/public_html/backend/mediboy/vendor/laravel/framework/src/Illuminate/Pipeline/Pipeline.php(180): Illuminate\\Routing\\Middleware\\SubstituteBindings->handle(Object(Illuminate\\Http\\Request), Object(Closure))
#11 /home/mediboyo/public_html/backend/mediboy/vendor/laravel/framework/src/Illuminate/Foundation/Http/Middleware/VerifyCsrfToken.php(78): Illuminate\\Pipeline\\Pipeline->Illuminate\\Pipeline\\{closure}(Object(Illuminate\\Http\\Request))
#12 /home/mediboyo/public_html/backend/mediboy/vendor/laravel/framework/src/Illuminate/Pipeline/Pipeline.php(180): Illuminate\\Foundation\\Http\\Middleware\\VerifyCsrfToken->handle(Object(Illuminate\\Http\\Request), Object(Closure))
#13 /home/mediboyo/public_html/backend/mediboy/vendor/laravel/framework/src/Illuminate/View/Middleware/ShareErrorsFromSession.php(49): Illuminate\\Pipeline\\Pipeline->Illuminate\\Pipeline\\{closure}(Object(Illuminate\\Http\\Request))
#14 /home/mediboyo/public_html/backend/mediboy/vendor/laravel/framework/src/Illuminate/Pipeline/Pipeline.php(180): Illuminate\\View\\Middleware\\ShareErrorsFromSession->handle(Object(Illuminate\\Http\\Request), Object(Closure))
#15 /home/mediboyo/public_html/backend/mediboy/vendor/laravel/framework/src/Illuminate/Session/Middleware/StartSession.php(121): Illuminate\\Pipeline\\Pipeline->Illuminate\\Pipeline\\{closure}(Object(Illuminate\\Http\\Request))
#16 /home/mediboyo/public_html/backend/mediboy/vendor/laravel/framework/src/Illuminate/Session/Middleware/StartSession.php(64): Illuminate\\Session\\Middleware\\StartSession->handleStatefulRequest(Object(Illuminate\\Http\\Request), Object(Illuminate\\Session\\Store), Object(Closure))
#17 /home/mediboyo/public_html/backend/mediboy/vendor/laravel/framework/src/Illuminate/Pipeline/Pipeline.php(180): Illuminate\\Session\\Middleware\\StartSession->handle(Object(Illuminate\\Http\\Request), Object(Closure))
#18 /home/mediboyo/public_html/backend/mediboy/vendor/laravel/framework/src/Illuminate/Cookie/Middleware/AddQueuedCookiesToResponse.php(37): Illuminate\\Pipeline\\Pipeline->Illuminate\\Pipeline\\{closure}(Object(Illuminate\\Http\\Request))
#19 /home/mediboyo/public_html/backend/mediboy/vendor/laravel/framework/src/Illuminate/Pipeline/Pipeline.php(180): Illuminate\\Cookie\\Middleware\\AddQueuedCookiesToResponse->handle(Object(Illuminate\\Http\\Request), Object(Closure))
#20 /home/mediboyo/public_html/backend/mediboy/vendor/laravel/framework/src/Illuminate/Cookie/Middleware/EncryptCookies.php(67): Illuminate\\Pipeline\\Pipeline->Illuminate\\Pipeline\\{closure}(Object(Illuminate\\Http\\Request))
#21 /home/mediboyo/public_html/backend/mediboy/vendor/laravel/framework/src/Illuminate/Pipeline/Pipeline.php(180): Illuminate\\Cookie\\Middleware\\EncryptCookies->handle(Object(Illuminate\\Http\\Request), Object(Closure))
#22 /home/mediboyo/public_html/backend/mediboy/vendor/laravel/framework/src/Illuminate/Pipeline/Pipeline.php(116): Illuminate\\Pipeline\\Pipeline->Illuminate\\Pipeline\\{closure}(Object(Illuminate\\Http\\Request))
#23 /home/mediboyo/public_html/backend/mediboy/vendor/laravel/framework/src/Illuminate/Routing/Router.php(799): Illuminate\\Pipeline\\Pipeline->then(Object(Closure))
#24 /home/mediboyo/public_html/backend/mediboy/vendor/laravel/framework/src/Illuminate/Routing/Router.php(776): Illuminate\\Routing\\Router->runRouteWithinStack(Object(Illuminate\\Routing\\Route), Object(Illuminate\\Http\\Request))
#25 /home/mediboyo/public_html/backend/mediboy/vendor/laravel/framework/src/Illuminate/Routing/Router.php(740): Illuminate\\Routing\\Router->runRoute(Object(Illuminate\\Http\\Request), Object(Illuminate\\Routing\\Route))
#26 /home/mediboyo/public_html/backend/mediboy/vendor/laravel/framework/src/Illuminate/Routing/Router.php(729): Illuminate\\Routing\\Router->dispatchToRoute(Object(Illuminate\\Http\\Request))
#27 /home/mediboyo/public_html/backend/mediboy/vendor/laravel/framework/src/Illuminate/Foundation/Http/Kernel.php(190): Illuminate\\Routing\\Router->dispatch(Object(Illuminate\\Http\\Request))
#28 /home/mediboyo/public_html/backend/mediboy/vendor/laravel/framework/src/Illuminate/Pipeline/Pipeline.php(141): Illuminate\\Foundation\\Http\\Kernel->Illuminate\\Foundation\\Http\\{closure}(Object(Illuminate\\Http\\Request))
#29 /home/mediboyo/public_html/backend/mediboy/vendor/laravel/framework/src/Illuminate/Foundation/Http/Middleware/TransformsRequest.php(21): Illuminate\\Pipeline\\Pipeline->Illuminate\\Pipeline\\{closure}(Object(Illuminate\\Http\\Request))
#30 /home/mediboyo/public_html/backend/mediboy/vendor/laravel/framework/src/Illuminate/Foundation/Http/Middleware/ConvertEmptyStringsToNull.php(31): Illuminate\\Foundation\\Http\\Middleware\\TransformsRequest->handle(Object(Illuminate\\Http\\Request), Object(Closure))
#31 /home/mediboyo/public_html/backend/mediboy/vendor/laravel/framework/src/Illuminate/Pipeline/Pipeline.php(180): Illuminate\\Foundation\\Http\\Middleware\\ConvertEmptyStringsToNull->handle(Object(Illuminate\\Http\\Request), Object(Closure))
#32 /home/mediboyo/public_html/backend/mediboy/vendor/laravel/framework/src/Illuminate/Foundation/Http/Middleware/TransformsRequest.php(21): Illuminate\\Pipeline\\Pipeline->Illuminate\\Pipeline\\{closure}(Object(Illuminate\\Http\\Request))
#33 /home/mediboyo/public_html/backend/mediboy/vendor/laravel/framework/src/Illuminate/Foundation/Http/Middleware/TrimStrings.php(40): Illuminate\\Foundation\\Http\\Middleware\\TransformsRequest->handle(Object(Illuminate\\Http\\Request), Object(Closure))
#34 /home/mediboyo/public_html/backend/mediboy/vendor/laravel/framework/src/Illuminate/Pipeline/Pipeline.php(180): Illuminate\\Foundation\\Http\\Middleware\\TrimStrings->handle(Object(Illuminate\\Http\\Request), Object(Closure))
#35 /home/mediboyo/public_html/backend/mediboy/vendor/laravel/framework/src/Illuminate/Foundation/Http/Middleware/ValidatePostSize.php(27): Illuminate\\Pipeline\\Pipeline->Illuminate\\Pipeline\\{closure}(Object(Illuminate\\Http\\Request))
#36 /home/mediboyo/public_html/backend/mediboy/vendor/laravel/framework/src/Illuminate/Pipeline/Pipeline.php(180): Illuminate\\Foundation\\Http\\Middleware\\ValidatePostSize->handle(Object(Illuminate\\Http\\Request), Object(Closure))
#37 /home/mediboyo/public_html/backend/mediboy/vendor/laravel/framework/src/Illuminate/Foundation/Http/Middleware/PreventRequestsDuringMaintenance.php(86): Illuminate\\Pipeline\\Pipeline->Illuminate\\Pipeline\\{closure}(Object(Illuminate\\Http\\Request))
#38 /home/mediboyo/public_html/backend/mediboy/vendor/laravel/framework/src/Illuminate/Pipeline/Pipeline.php(180): Illuminate\\Foundation\\Http\\Middleware\\PreventRequestsDuringMaintenance->handle(Object(Illuminate\\Http\\Request), Object(Closure))
#39 /home/mediboyo/public_html/backend/mediboy/vendor/laravel/framework/src/Illuminate/Http/Middleware/HandleCors.php(49): Illuminate\\Pipeline\\Pipeline->Illuminate\\Pipeline\\{closure}(Object(Illuminate\\Http\\Request))
#40 /home/mediboyo/public_html/backend/mediboy/vendor/laravel/framework/src/Illuminate/Pipeline/Pipeline.php(180): Illuminate\\Http\\Middleware\\HandleCors->handle(Object(Illuminate\\Http\\Request), Object(Closure))
#41 /home/mediboyo/public_html/backend/mediboy/vendor/laravel/framework/src/Illuminate/Http/Middleware/TrustProxies.php(39): Illuminate\\Pipeline\\Pipeline->Illuminate\\Pipeline\\{closure}(Object(Illuminate\\Http\\Request))
#42 /home/mediboyo/public_html/backend/mediboy/vendor/laravel/framework/src/Illuminate/Pipeline/Pipeline.php(180): Illuminate\\Http\\Middleware\\TrustProxies->handle(Object(Illuminate\\Http\\Request), Object(Closure))
#43 /home/mediboyo/public_html/backend/mediboy/vendor/laravel/framework/src/Illuminate/Pipeline/Pipeline.php(116): Illuminate\\Pipeline\\Pipeline->Illuminate\\Pipeline\\{closure}(Object(Illuminate\\Http\\Request))
#44 /home/mediboyo/public_html/backend/mediboy/vendor/laravel/framework/src/Illuminate/Foundation/Http/Kernel.php(165): Illuminate\\Pipeline\\Pipeline->then(Object(Closure))
#45 /home/mediboyo/public_html/backend/mediboy/vendor/laravel/framework/src/Illuminate/Foundation/Http/Kernel.php(134): Illuminate\\Foundation\\Http\\Kernel->sendRequestThroughRouter(Object(Illuminate\\Http\\Request))
#46 /home/mediboyo/public_html/backend/mediboy/public/index.php(52): Illuminate\\Foundation\\Http\\Kernel->handle(Object(Illuminate\\Http\\Request))
#47 {main}
"} 
[2024-09-24 17:55:47] local.ERROR: file_put_contents(C:\xampp\htdocs\mediboy\storage\framework/sessions/ZbbLwlA5em3X0Jxel6lnPEklkYtjtVVUL9FAdLpR): Failed to open stream: No such file or directory {"exception":"[object] (ErrorException(code: 0): file_put_contents(C:\\xampp\\htdocs\\mediboy\\storage\\framework/sessions/ZbbLwlA5em3X0Jxel6lnPEklkYtjtVVUL9FAdLpR): Failed to open stream: No such file or directory at /home/mediboyo/public_html/backend/mediboy/vendor/laravel/framework/src/Illuminate/Filesystem/Filesystem.php:190)
[stacktrace]
#0 /home/mediboyo/public_html/backend/mediboy/vendor/laravel/framework/src/Illuminate/Foundation/Bootstrap/HandleExceptions.php(270): Illuminate\\Foundation\\Bootstrap\\HandleExceptions->handleError(2, 'file_put_conten...', '/home/mediboyo/...', 190)
#1 [internal function]: Illuminate\\Foundation\\Bootstrap\\HandleExceptions->Illuminate\\Foundation\\Bootstrap\\{closure}(2, 'file_put_conten...', '/home/mediboyo/...', 190)
#2 /home/mediboyo/public_html/backend/mediboy/vendor/laravel/framework/src/Illuminate/Filesystem/Filesystem.php(190): file_put_contents('C:\\\\xampp\\\\htdocs...', 'a:3:{s:6:\"_toke...', 2)
#3 /home/mediboyo/public_html/backend/mediboy/vendor/laravel/framework/src/Illuminate/Session/FileSessionHandler.php(90): Illuminate\\Filesystem\\Filesystem->put('C:\\\\xampp\\\\htdocs...', 'a:3:{s:6:\"_toke...', true)
#4 /home/mediboyo/public_html/backend/mediboy/vendor/laravel/framework/src/Illuminate/Session/Store.php(173): Illuminate\\Session\\FileSessionHandler->write('ZbbLwlA5em3X0Jx...', 'a:3:{s:6:\"_toke...')
#5 /home/mediboyo/public_html/backend/mediboy/vendor/laravel/framework/src/Illuminate/Session/Middleware/StartSession.php(238): Illuminate\\Session\\Store->save()
#6 /home/mediboyo/public_html/backend/mediboy/vendor/laravel/framework/src/Illuminate/Session/Middleware/StartSession.php(130): Illuminate\\Session\\Middleware\\StartSession->saveSession(Object(Illuminate\\Http\\Request))
#7 /home/mediboyo/public_html/backend/mediboy/vendor/laravel/framework/src/Illuminate/Session/Middleware/StartSession.php(64): Illuminate\\Session\\Middleware\\StartSession->handleStatefulRequest(Object(Illuminate\\Http\\Request), Object(Illuminate\\Session\\Store), Object(Closure))
#8 /home/mediboyo/public_html/backend/mediboy/vendor/laravel/framework/src/Illuminate/Pipeline/Pipeline.php(180): Illuminate\\Session\\Middleware\\StartSession->handle(Object(Illuminate\\Http\\Request), Object(Closure))
#9 /home/mediboyo/public_html/backend/mediboy/vendor/laravel/framework/src/Illuminate/Cookie/Middleware/AddQueuedCookiesToResponse.php(37): Illuminate\\Pipeline\\Pipeline->Illuminate\\Pipeline\\{closure}(Object(Illuminate\\Http\\Request))
#10 /home/mediboyo/public_html/backend/mediboy/vendor/laravel/framework/src/Illuminate/Pipeline/Pipeline.php(180): Illuminate\\Cookie\\Middleware\\AddQueuedCookiesToResponse->handle(Object(Illuminate\\Http\\Request), Object(Closure))
#11 /home/mediboyo/public_html/backend/mediboy/vendor/laravel/framework/src/Illuminate/Cookie/Middleware/EncryptCookies.php(67): Illuminate\\Pipeline\\Pipeline->Illuminate\\Pipeline\\{closure}(Object(Illuminate\\Http\\Request))
#12 /home/mediboyo/public_html/backend/mediboy/vendor/laravel/framework/src/Illuminate/Pipeline/Pipeline.php(180): Illuminate\\Cookie\\Middleware\\EncryptCookies->handle(Object(Illuminate\\Http\\Request), Object(Closure))
#13 /home/mediboyo/public_html/backend/mediboy/vendor/laravel/framework/src/Illuminate/Pipeline/Pipeline.php(116): Illuminate\\Pipeline\\Pipeline->Illuminate\\Pipeline\\{closure}(Object(Illuminate\\Http\\Request))
#14 /home/mediboyo/public_html/backend/mediboy/vendor/laravel/framework/src/Illuminate/Routing/Router.php(799): Illuminate\\Pipeline\\Pipeline->then(Object(Closure))
#15 /home/mediboyo/public_html/backend/mediboy/vendor/laravel/framework/src/Illuminate/Routing/Router.php(776): Illuminate\\Routing\\Router->runRouteWithinStack(Object(Illuminate\\Routing\\Route), Object(Illuminate\\Http\\Request))
#16 /home/mediboyo/public_html/backend/mediboy/vendor/laravel/framework/src/Illuminate/Routing/Router.php(740): Illuminate\\Routing\\Router->runRoute(Object(Illuminate\\Http\\Request), Object(Illuminate\\Routing\\Route))
#17 /home/mediboyo/public_html/backend/mediboy/vendor/laravel/framework/src/Illuminate/Routing/Router.php(729): Illuminate\\Routing\\Router->dispatchToRoute(Object(Illuminate\\Http\\Request))
#18 /home/mediboyo/public_html/backend/mediboy/vendor/laravel/framework/src/Illuminate/Foundation/Http/Kernel.php(190): Illuminate\\Routing\\Router->dispatch(Object(Illuminate\\Http\\Request))
#19 /home/mediboyo/public_html/backend/mediboy/vendor/laravel/framework/src/Illuminate/Pipeline/Pipeline.php(141): Illuminate\\Foundation\\Http\\Kernel->Illuminate\\Foundation\\Http\\{closure}(Object(Illuminate\\Http\\Request))
#20 /home/mediboyo/public_html/backend/mediboy/vendor/laravel/framework/src/Illuminate/Foundation/Http/Middleware/TransformsRequest.php(21): Illuminate\\Pipeline\\Pipeline->Illuminate\\Pipeline\\{closure}(Object(Illuminate\\Http\\Request))
#21 /home/mediboyo/public_html/backend/mediboy/vendor/laravel/framework/src/Illuminate/Foundation/Http/Middleware/ConvertEmptyStringsToNull.php(31): Illuminate\\Foundation\\Http\\Middleware\\TransformsRequest->handle(Object(Illuminate\\Http\\Request), Object(Closure))
#22 /home/mediboyo/public_html/backend/mediboy/vendor/laravel/framework/src/Illuminate/Pipeline/Pipeline.php(180): Illuminate\\Foundation\\Http\\Middleware\\ConvertEmptyStringsToNull->handle(Object(Illuminate\\Http\\Request), Object(Closure))
#23 /home/mediboyo/public_html/backend/mediboy/vendor/laravel/framework/src/Illuminate/Foundation/Http/Middleware/TransformsRequest.php(21): Illuminate\\Pipeline\\Pipeline->Illuminate\\Pipeline\\{closure}(Object(Illuminate\\Http\\Request))
#24 /home/mediboyo/public_html/backend/mediboy/vendor/laravel/framework/src/Illuminate/Foundation/Http/Middleware/TrimStrings.php(40): Illuminate\\Foundation\\Http\\Middleware\\TransformsRequest->handle(Object(Illuminate\\Http\\Request), Object(Closure))
#25 /home/mediboyo/public_html/backend/mediboy/vendor/laravel/framework/src/Illuminate/Pipeline/Pipeline.php(180): Illuminate\\Foundation\\Http\\Middleware\\TrimStrings->handle(Object(Illuminate\\Http\\Request), Object(Closure))
#26 /home/mediboyo/public_html/backend/mediboy/vendor/laravel/framework/src/Illuminate/Foundation/Http/Middleware/ValidatePostSize.php(27): Illuminate\\Pipeline\\Pipeline->Illuminate\\Pipeline\\{closure}(Object(Illuminate\\Http\\Request))
#27 /home/mediboyo/public_html/backend/mediboy/vendor/laravel/framework/src/Illuminate/Pipeline/Pipeline.php(180): Illuminate\\Foundation\\Http\\Middleware\\ValidatePostSize->handle(Object(Illuminate\\Http\\Request), Object(Closure))
#28 /home/mediboyo/public_html/backend/mediboy/vendor/laravel/framework/src/Illuminate/Foundation/Http/Middleware/PreventRequestsDuringMaintenance.php(86): Illuminate\\Pipeline\\Pipeline->Illuminate\\Pipeline\\{closure}(Object(Illuminate\\Http\\Request))
#29 /home/mediboyo/public_html/backend/mediboy/vendor/laravel/framework/src/Illuminate/Pipeline/Pipeline.php(180): Illuminate\\Foundation\\Http\\Middleware\\PreventRequestsDuringMaintenance->handle(Object(Illuminate\\Http\\Request), Object(Closure))
#30 /home/mediboyo/public_html/backend/mediboy/vendor/laravel/framework/src/Illuminate/Http/Middleware/HandleCors.php(49): Illuminate\\Pipeline\\Pipeline->Illuminate\\Pipeline\\{closure}(Object(Illuminate\\Http\\Request))
#31 /home/mediboyo/public_html/backend/mediboy/vendor/laravel/framework/src/Illuminate/Pipeline/Pipeline.php(180): Illuminate\\Http\\Middleware\\HandleCors->handle(Object(Illuminate\\Http\\Request), Object(Closure))
#32 /home/mediboyo/public_html/backend/mediboy/vendor/laravel/framework/src/Illuminate/Http/Middleware/TrustProxies.php(39): Illuminate\\Pipeline\\Pipeline->Illuminate\\Pipeline\\{closure}(Object(Illuminate\\Http\\Request))
#33 /home/mediboyo/public_html/backend/mediboy/vendor/laravel/framework/src/Illuminate/Pipeline/Pipeline.php(180): Illuminate\\Http\\Middleware\\TrustProxies->handle(Object(Illuminate\\Http\\Request), Object(Closure))
#34 /home/mediboyo/public_html/backend/mediboy/vendor/laravel/framework/src/Illuminate/Pipeline/Pipeline.php(116): Illuminate\\Pipeline\\Pipeline->Illuminate\\Pipeline\\{closure}(Object(Illuminate\\Http\\Request))
#35 /home/mediboyo/public_html/backend/mediboy/vendor/laravel/framework/src/Illuminate/Foundation/Http/Kernel.php(165): Illuminate\\Pipeline\\Pipeline->then(Object(Closure))
#36 /home/mediboyo/public_html/backend/mediboy/vendor/laravel/framework/src/Illuminate/Foundation/Http/Kernel.php(134): Illuminate\\Foundation\\Http\\Kernel->sendRequestThroughRouter(Object(Illuminate\\Http\\Request))
#37 /home/mediboyo/public_html/backend/mediboy/public/index.php(52): Illuminate\\Foundation\\Http\\Kernel->handle(Object(Illuminate\\Http\\Request))
#38 {main}
"} 
[2024-09-24 17:55:48] local.ERROR: View [welcome] not found. {"exception":"[object] (InvalidArgumentException(code: 0): View [welcome] not found. at /home/mediboyo/public_html/backend/mediboy/vendor/laravel/framework/src/Illuminate/View/FileViewFinder.php:137)
[stacktrace]
#0 /home/mediboyo/public_html/backend/mediboy/vendor/laravel/framework/src/Illuminate/View/FileViewFinder.php(79): Illuminate\\View\\FileViewFinder->findInPaths('welcome', Array)
#1 /home/mediboyo/public_html/backend/mediboy/vendor/laravel/framework/src/Illuminate/View/Factory.php(138): Illuminate\\View\\FileViewFinder->find('welcome')
#2 /home/mediboyo/public_html/backend/mediboy/vendor/laravel/framework/src/Illuminate/Foundation/helpers.php(1035): Illuminate\\View\\Factory->make('welcome', Array, Array)
#3 laravel-serializable-closure://function () {

    return \\view('welcome');

}(3): view('welcome')
#4 /home/mediboyo/public_html/backend/mediboy/vendor/laravel/framework/src/Illuminate/Routing/CallableDispatcher.php(40): Illuminate\\Routing\\RouteFileRegistrar::{closure}()
#5 /home/mediboyo/public_html/backend/mediboy/vendor/laravel/framework/src/Illuminate/Routing/Route.php(237): Illuminate\\Routing\\CallableDispatcher->dispatch(Object(Illuminate\\Routing\\Route), Object(Closure))
#6 /home/mediboyo/public_html/backend/mediboy/vendor/laravel/framework/src/Illuminate/Routing/Route.php(208): Illuminate\\Routing\\Route->runCallable()
#7 /home/mediboyo/public_html/backend/mediboy/vendor/laravel/framework/src/Illuminate/Routing/Router.php(798): Illuminate\\Routing\\Route->run()
#8 /home/mediboyo/public_html/backend/mediboy/vendor/laravel/framework/src/Illuminate/Pipeline/Pipeline.php(141): Illuminate\\Routing\\Router->Illuminate\\Routing\\{closure}(Object(Illuminate\\Http\\Request))
#9 /home/mediboyo/public_html/backend/mediboy/vendor/laravel/framework/src/Illuminate/Routing/Middleware/SubstituteBindings.php(50): Illuminate\\Pipeline\\Pipeline->Illuminate\\Pipeline\\{closure}(Object(Illuminate\\Http\\Request))
#10 /home/mediboyo/public_html/backend/mediboy/vendor/laravel/framework/src/Illuminate/Pipeline/Pipeline.php(180): Illuminate\\Routing\\Middleware\\SubstituteBindings->handle(Object(Illuminate\\Http\\Request), Object(Closure))
#11 /home/mediboyo/public_html/backend/mediboy/vendor/laravel/framework/src/Illuminate/Foundation/Http/Middleware/VerifyCsrfToken.php(78): Illuminate\\Pipeline\\Pipeline->Illuminate\\Pipeline\\{closure}(Object(Illuminate\\Http\\Request))
#12 /home/mediboyo/public_html/backend/mediboy/vendor/laravel/framework/src/Illuminate/Pipeline/Pipeline.php(180): Illuminate\\Foundation\\Http\\Middleware\\VerifyCsrfToken->handle(Object(Illuminate\\Http\\Request), Object(Closure))
#13 /home/mediboyo/public_html/backend/mediboy/vendor/laravel/framework/src/Illuminate/View/Middleware/ShareErrorsFromSession.php(49): Illuminate\\Pipeline\\Pipeline->Illuminate\\Pipeline\\{closure}(Object(Illuminate\\Http\\Request))
#14 /home/mediboyo/public_html/backend/mediboy/vendor/laravel/framework/src/Illuminate/Pipeline/Pipeline.php(180): Illuminate\\View\\Middleware\\ShareErrorsFromSession->handle(Object(Illuminate\\Http\\Request), Object(Closure))
#15 /home/mediboyo/public_html/backend/mediboy/vendor/laravel/framework/src/Illuminate/Session/Middleware/StartSession.php(121): Illuminate\\Pipeline\\Pipeline->Illuminate\\Pipeline\\{closure}(Object(Illuminate\\Http\\Request))
#16 /home/mediboyo/public_html/backend/mediboy/vendor/laravel/framework/src/Illuminate/Session/Middleware/StartSession.php(64): Illuminate\\Session\\Middleware\\StartSession->handleStatefulRequest(Object(Illuminate\\Http\\Request), Object(Illuminate\\Session\\Store), Object(Closure))
#17 /home/mediboyo/public_html/backend/mediboy/vendor/laravel/framework/src/Illuminate/Pipeline/Pipeline.php(180): Illuminate\\Session\\Middleware\\StartSession->handle(Object(Illuminate\\Http\\Request), Object(Closure))
#18 /home/mediboyo/public_html/backend/mediboy/vendor/laravel/framework/src/Illuminate/Cookie/Middleware/AddQueuedCookiesToResponse.php(37): Illuminate\\Pipeline\\Pipeline->Illuminate\\Pipeline\\{closure}(Object(Illuminate\\Http\\Request))
#19 /home/mediboyo/public_html/backend/mediboy/vendor/laravel/framework/src/Illuminate/Pipeline/Pipeline.php(180): Illuminate\\Cookie\\Middleware\\AddQueuedCookiesToResponse->handle(Object(Illuminate\\Http\\Request), Object(Closure))
#20 /home/mediboyo/public_html/backend/mediboy/vendor/laravel/framework/src/Illuminate/Cookie/Middleware/EncryptCookies.php(67): Illuminate\\Pipeline\\Pipeline->Illuminate\\Pipeline\\{closure}(Object(Illuminate\\Http\\Request))
#21 /home/mediboyo/public_html/backend/mediboy/vendor/laravel/framework/src/Illuminate/Pipeline/Pipeline.php(180): Illuminate\\Cookie\\Middleware\\EncryptCookies->handle(Object(Illuminate\\Http\\Request), Object(Closure))
#22 /home/mediboyo/public_html/backend/mediboy/vendor/laravel/framework/src/Illuminate/Pipeline/Pipeline.php(116): Illuminate\\Pipeline\\Pipeline->Illuminate\\Pipeline\\{closure}(Object(Illuminate\\Http\\Request))
#23 /home/mediboyo/public_html/backend/mediboy/vendor/laravel/framework/src/Illuminate/Routing/Router.php(799): Illuminate\\Pipeline\\Pipeline->then(Object(Closure))
#24 /home/mediboyo/public_html/backend/mediboy/vendor/laravel/framework/src/Illuminate/Routing/Router.php(776): Illuminate\\Routing\\Router->runRouteWithinStack(Object(Illuminate\\Routing\\Route), Object(Illuminate\\Http\\Request))
#25 /home/mediboyo/public_html/backend/mediboy/vendor/laravel/framework/src/Illuminate/Routing/Router.php(740): Illuminate\\Routing\\Router->runRoute(Object(Illuminate\\Http\\Request), Object(Illuminate\\Routing\\Route))
#26 /home/mediboyo/public_html/backend/mediboy/vendor/laravel/framework/src/Illuminate/Routing/Router.php(729): Illuminate\\Routing\\Router->dispatchToRoute(Object(Illuminate\\Http\\Request))
#27 /home/mediboyo/public_html/backend/mediboy/vendor/laravel/framework/src/Illuminate/Foundation/Http/Kernel.php(190): Illuminate\\Routing\\Router->dispatch(Object(Illuminate\\Http\\Request))
#28 /home/mediboyo/public_html/backend/mediboy/vendor/laravel/framework/src/Illuminate/Pipeline/Pipeline.php(141): Illuminate\\Foundation\\Http\\Kernel->Illuminate\\Foundation\\Http\\{closure}(Object(Illuminate\\Http\\Request))
#29 /home/mediboyo/public_html/backend/mediboy/vendor/laravel/framework/src/Illuminate/Foundation/Http/Middleware/TransformsRequest.php(21): Illuminate\\Pipeline\\Pipeline->Illuminate\\Pipeline\\{closure}(Object(Illuminate\\Http\\Request))
#30 /home/mediboyo/public_html/backend/mediboy/vendor/laravel/framework/src/Illuminate/Foundation/Http/Middleware/ConvertEmptyStringsToNull.php(31): Illuminate\\Foundation\\Http\\Middleware\\TransformsRequest->handle(Object(Illuminate\\Http\\Request), Object(Closure))
#31 /home/mediboyo/public_html/backend/mediboy/vendor/laravel/framework/src/Illuminate/Pipeline/Pipeline.php(180): Illuminate\\Foundation\\Http\\Middleware\\ConvertEmptyStringsToNull->handle(Object(Illuminate\\Http\\Request), Object(Closure))
#32 /home/mediboyo/public_html/backend/mediboy/vendor/laravel/framework/src/Illuminate/Foundation/Http/Middleware/TransformsRequest.php(21): Illuminate\\Pipeline\\Pipeline->Illuminate\\Pipeline\\{closure}(Object(Illuminate\\Http\\Request))
#33 /home/mediboyo/public_html/backend/mediboy/vendor/laravel/framework/src/Illuminate/Foundation/Http/Middleware/TrimStrings.php(40): Illuminate\\Foundation\\Http\\Middleware\\TransformsRequest->handle(Object(Illuminate\\Http\\Request), Object(Closure))
#34 /home/mediboyo/public_html/backend/mediboy/vendor/laravel/framework/src/Illuminate/Pipeline/Pipeline.php(180): Illuminate\\Foundation\\Http\\Middleware\\TrimStrings->handle(Object(Illuminate\\Http\\Request), Object(Closure))
#35 /home/mediboyo/public_html/backend/mediboy/vendor/laravel/framework/src/Illuminate/Foundation/Http/Middleware/ValidatePostSize.php(27): Illuminate\\Pipeline\\Pipeline->Illuminate\\Pipeline\\{closure}(Object(Illuminate\\Http\\Request))
#36 /home/mediboyo/public_html/backend/mediboy/vendor/laravel/framework/src/Illuminate/Pipeline/Pipeline.php(180): Illuminate\\Foundation\\Http\\Middleware\\ValidatePostSize->handle(Object(Illuminate\\Http\\Request), Object(Closure))
#37 /home/mediboyo/public_html/backend/mediboy/vendor/laravel/framework/src/Illuminate/Foundation/Http/Middleware/PreventRequestsDuringMaintenance.php(86): Illuminate\\Pipeline\\Pipeline->Illuminate\\Pipeline\\{closure}(Object(Illuminate\\Http\\Request))
#38 /home/mediboyo/public_html/backend/mediboy/vendor/laravel/framework/src/Illuminate/Pipeline/Pipeline.php(180): Illuminate\\Foundation\\Http\\Middleware\\PreventRequestsDuringMaintenance->handle(Object(Illuminate\\Http\\Request), Object(Closure))
#39 /home/mediboyo/public_html/backend/mediboy/vendor/laravel/framework/src/Illuminate/Http/Middleware/HandleCors.php(49): Illuminate\\Pipeline\\Pipeline->Illuminate\\Pipeline\\{closure}(Object(Illuminate\\Http\\Request))
#40 /home/mediboyo/public_html/backend/mediboy/vendor/laravel/framework/src/Illuminate/Pipeline/Pipeline.php(180): Illuminate\\Http\\Middleware\\HandleCors->handle(Object(Illuminate\\Http\\Request), Object(Closure))
#41 /home/mediboyo/public_html/backend/mediboy/vendor/laravel/framework/src/Illuminate/Http/Middleware/TrustProxies.php(39): Illuminate\\Pipeline\\Pipeline->Illuminate\\Pipeline\\{closure}(Object(Illuminate\\Http\\Request))
#42 /home/mediboyo/public_html/backend/mediboy/vendor/laravel/framework/src/Illuminate/Pipeline/Pipeline.php(180): Illuminate\\Http\\Middleware\\TrustProxies->handle(Object(Illuminate\\Http\\Request), Object(Closure))
#43 /home/mediboyo/public_html/backend/mediboy/vendor/laravel/framework/src/Illuminate/Pipeline/Pipeline.php(116): Illuminate\\Pipeline\\Pipeline->Illuminate\\Pipeline\\{closure}(Object(Illuminate\\Http\\Request))
#44 /home/mediboyo/public_html/backend/mediboy/vendor/laravel/framework/src/Illuminate/Foundation/Http/Kernel.php(165): Illuminate\\Pipeline\\Pipeline->then(Object(Closure))
#45 /home/mediboyo/public_html/backend/mediboy/vendor/laravel/framework/src/Illuminate/Foundation/Http/Kernel.php(134): Illuminate\\Foundation\\Http\\Kernel->sendRequestThroughRouter(Object(Illuminate\\Http\\Request))
#46 /home/mediboyo/public_html/backend/mediboy/public/index.php(52): Illuminate\\Foundation\\Http\\Kernel->handle(Object(Illuminate\\Http\\Request))
#47 {main}
"} 
[2024-09-24 17:55:48] local.ERROR: file_put_contents(C:\xampp\htdocs\mediboy\storage\framework/sessions/44rupJNduMLONj3HGtd84G1tJbT4LqaEkExh0fEk): Failed to open stream: No such file or directory {"exception":"[object] (ErrorException(code: 0): file_put_contents(C:\\xampp\\htdocs\\mediboy\\storage\\framework/sessions/44rupJNduMLONj3HGtd84G1tJbT4LqaEkExh0fEk): Failed to open stream: No such file or directory at /home/mediboyo/public_html/backend/mediboy/vendor/laravel/framework/src/Illuminate/Filesystem/Filesystem.php:190)
[stacktrace]
#0 /home/mediboyo/public_html/backend/mediboy/vendor/laravel/framework/src/Illuminate/Foundation/Bootstrap/HandleExceptions.php(270): Illuminate\\Foundation\\Bootstrap\\HandleExceptions->handleError(2, 'file_put_conten...', '/home/mediboyo/...', 190)
#1 [internal function]: Illuminate\\Foundation\\Bootstrap\\HandleExceptions->Illuminate\\Foundation\\Bootstrap\\{closure}(2, 'file_put_conten...', '/home/mediboyo/...', 190)
#2 /home/mediboyo/public_html/backend/mediboy/vendor/laravel/framework/src/Illuminate/Filesystem/Filesystem.php(190): file_put_contents('C:\\\\xampp\\\\htdocs...', 'a:3:{s:6:\"_toke...', 2)
#3 /home/mediboyo/public_html/backend/mediboy/vendor/laravel/framework/src/Illuminate/Session/FileSessionHandler.php(90): Illuminate\\Filesystem\\Filesystem->put('C:\\\\xampp\\\\htdocs...', 'a:3:{s:6:\"_toke...', true)
#4 /home/mediboyo/public_html/backend/mediboy/vendor/laravel/framework/src/Illuminate/Session/Store.php(173): Illuminate\\Session\\FileSessionHandler->write('44rupJNduMLONj3...', 'a:3:{s:6:\"_toke...')
#5 /home/mediboyo/public_html/backend/mediboy/vendor/laravel/framework/src/Illuminate/Session/Middleware/StartSession.php(238): Illuminate\\Session\\Store->save()
#6 /home/mediboyo/public_html/backend/mediboy/vendor/laravel/framework/src/Illuminate/Session/Middleware/StartSession.php(130): Illuminate\\Session\\Middleware\\StartSession->saveSession(Object(Illuminate\\Http\\Request))
#7 /home/mediboyo/public_html/backend/mediboy/vendor/laravel/framework/src/Illuminate/Session/Middleware/StartSession.php(64): Illuminate\\Session\\Middleware\\StartSession->handleStatefulRequest(Object(Illuminate\\Http\\Request), Object(Illuminate\\Session\\Store), Object(Closure))
#8 /home/mediboyo/public_html/backend/mediboy/vendor/laravel/framework/src/Illuminate/Pipeline/Pipeline.php(180): Illuminate\\Session\\Middleware\\StartSession->handle(Object(Illuminate\\Http\\Request), Object(Closure))
#9 /home/mediboyo/public_html/backend/mediboy/vendor/laravel/framework/src/Illuminate/Cookie/Middleware/AddQueuedCookiesToResponse.php(37): Illuminate\\Pipeline\\Pipeline->Illuminate\\Pipeline\\{closure}(Object(Illuminate\\Http\\Request))
#10 /home/mediboyo/public_html/backend/mediboy/vendor/laravel/framework/src/Illuminate/Pipeline/Pipeline.php(180): Illuminate\\Cookie\\Middleware\\AddQueuedCookiesToResponse->handle(Object(Illuminate\\Http\\Request), Object(Closure))
#11 /home/mediboyo/public_html/backend/mediboy/vendor/laravel/framework/src/Illuminate/Cookie/Middleware/EncryptCookies.php(67): Illuminate\\Pipeline\\Pipeline->Illuminate\\Pipeline\\{closure}(Object(Illuminate\\Http\\Request))
#12 /home/mediboyo/public_html/backend/mediboy/vendor/laravel/framework/src/Illuminate/Pipeline/Pipeline.php(180): Illuminate\\Cookie\\Middleware\\EncryptCookies->handle(Object(Illuminate\\Http\\Request), Object(Closure))
#13 /home/mediboyo/public_html/backend/mediboy/vendor/laravel/framework/src/Illuminate/Pipeline/Pipeline.php(116): Illuminate\\Pipeline\\Pipeline->Illuminate\\Pipeline\\{closure}(Object(Illuminate\\Http\\Request))
#14 /home/mediboyo/public_html/backend/mediboy/vendor/laravel/framework/src/Illuminate/Routing/Router.php(799): Illuminate\\Pipeline\\Pipeline->then(Object(Closure))
#15 /home/mediboyo/public_html/backend/mediboy/vendor/laravel/framework/src/Illuminate/Routing/Router.php(776): Illuminate\\Routing\\Router->runRouteWithinStack(Object(Illuminate\\Routing\\Route), Object(Illuminate\\Http\\Request))
#16 /home/mediboyo/public_html/backend/mediboy/vendor/laravel/framework/src/Illuminate/Routing/Router.php(740): Illuminate\\Routing\\Router->runRoute(Object(Illuminate\\Http\\Request), Object(Illuminate\\Routing\\Route))
#17 /home/mediboyo/public_html/backend/mediboy/vendor/laravel/framework/src/Illuminate/Routing/Router.php(729): Illuminate\\Routing\\Router->dispatchToRoute(Object(Illuminate\\Http\\Request))
#18 /home/mediboyo/public_html/backend/mediboy/vendor/laravel/framework/src/Illuminate/Foundation/Http/Kernel.php(190): Illuminate\\Routing\\Router->dispatch(Object(Illuminate\\Http\\Request))
#19 /home/mediboyo/public_html/backend/mediboy/vendor/laravel/framework/src/Illuminate/Pipeline/Pipeline.php(141): Illuminate\\Foundation\\Http\\Kernel->Illuminate\\Foundation\\Http\\{closure}(Object(Illuminate\\Http\\Request))
#20 /home/mediboyo/public_html/backend/mediboy/vendor/laravel/framework/src/Illuminate/Foundation/Http/Middleware/TransformsRequest.php(21): Illuminate\\Pipeline\\Pipeline->Illuminate\\Pipeline\\{closure}(Object(Illuminate\\Http\\Request))
#21 /home/mediboyo/public_html/backend/mediboy/vendor/laravel/framework/src/Illuminate/Foundation/Http/Middleware/ConvertEmptyStringsToNull.php(31): Illuminate\\Foundation\\Http\\Middleware\\TransformsRequest->handle(Object(Illuminate\\Http\\Request), Object(Closure))
#22 /home/mediboyo/public_html/backend/mediboy/vendor/laravel/framework/src/Illuminate/Pipeline/Pipeline.php(180): Illuminate\\Foundation\\Http\\Middleware\\ConvertEmptyStringsToNull->handle(Object(Illuminate\\Http\\Request), Object(Closure))
#23 /home/mediboyo/public_html/backend/mediboy/vendor/laravel/framework/src/Illuminate/Foundation/Http/Middleware/TransformsRequest.php(21): Illuminate\\Pipeline\\Pipeline->Illuminate\\Pipeline\\{closure}(Object(Illuminate\\Http\\Request))
#24 /home/mediboyo/public_html/backend/mediboy/vendor/laravel/framework/src/Illuminate/Foundation/Http/Middleware/TrimStrings.php(40): Illuminate\\Foundation\\Http\\Middleware\\TransformsRequest->handle(Object(Illuminate\\Http\\Request), Object(Closure))
#25 /home/mediboyo/public_html/backend/mediboy/vendor/laravel/framework/src/Illuminate/Pipeline/Pipeline.php(180): Illuminate\\Foundation\\Http\\Middleware\\TrimStrings->handle(Object(Illuminate\\Http\\Request), Object(Closure))
#26 /home/mediboyo/public_html/backend/mediboy/vendor/laravel/framework/src/Illuminate/Foundation/Http/Middleware/ValidatePostSize.php(27): Illuminate\\Pipeline\\Pipeline->Illuminate\\Pipeline\\{closure}(Object(Illuminate\\Http\\Request))
#27 /home/mediboyo/public_html/backend/mediboy/vendor/laravel/framework/src/Illuminate/Pipeline/Pipeline.php(180): Illuminate\\Foundation\\Http\\Middleware\\ValidatePostSize->handle(Object(Illuminate\\Http\\Request), Object(Closure))
#28 /home/mediboyo/public_html/backend/mediboy/vendor/laravel/framework/src/Illuminate/Foundation/Http/Middleware/PreventRequestsDuringMaintenance.php(86): Illuminate\\Pipeline\\Pipeline->Illuminate\\Pipeline\\{closure}(Object(Illuminate\\Http\\Request))
#29 /home/mediboyo/public_html/backend/mediboy/vendor/laravel/framework/src/Illuminate/Pipeline/Pipeline.php(180): Illuminate\\Foundation\\Http\\Middleware\\PreventRequestsDuringMaintenance->handle(Object(Illuminate\\Http\\Request), Object(Closure))
#30 /home/mediboyo/public_html/backend/mediboy/vendor/laravel/framework/src/Illuminate/Http/Middleware/HandleCors.php(49): Illuminate\\Pipeline\\Pipeline->Illuminate\\Pipeline\\{closure}(Object(Illuminate\\Http\\Request))
#31 /home/mediboyo/public_html/backend/mediboy/vendor/laravel/framework/src/Illuminate/Pipeline/Pipeline.php(180): Illuminate\\Http\\Middleware\\HandleCors->handle(Object(Illuminate\\Http\\Request), Object(Closure))
#32 /home/mediboyo/public_html/backend/mediboy/vendor/laravel/framework/src/Illuminate/Http/Middleware/TrustProxies.php(39): Illuminate\\Pipeline\\Pipeline->Illuminate\\Pipeline\\{closure}(Object(Illuminate\\Http\\Request))
#33 /home/mediboyo/public_html/backend/mediboy/vendor/laravel/framework/src/Illuminate/Pipeline/Pipeline.php(180): Illuminate\\Http\\Middleware\\TrustProxies->handle(Object(Illuminate\\Http\\Request), Object(Closure))
#34 /home/mediboyo/public_html/backend/mediboy/vendor/laravel/framework/src/Illuminate/Pipeline/Pipeline.php(116): Illuminate\\Pipeline\\Pipeline->Illuminate\\Pipeline\\{closure}(Object(Illuminate\\Http\\Request))
#35 /home/mediboyo/public_html/backend/mediboy/vendor/laravel/framework/src/Illuminate/Foundation/Http/Kernel.php(165): Illuminate\\Pipeline\\Pipeline->then(Object(Closure))
#36 /home/mediboyo/public_html/backend/mediboy/vendor/laravel/framework/src/Illuminate/Foundation/Http/Kernel.php(134): Illuminate\\Foundation\\Http\\Kernel->sendRequestThroughRouter(Object(Illuminate\\Http\\Request))
#37 /home/mediboyo/public_html/backend/mediboy/public/index.php(52): Illuminate\\Foundation\\Http\\Kernel->handle(Object(Illuminate\\Http\\Request))
#38 {main}
"} 
